# Generated on Wed Aug 14 15:40:47 2024 by J00974726.
# This file was created by PDFgui.
#S 1
#L r  Gtrunc
0.49 -0.437745
0.5 -0.446679
0.51 -0.455612
0.52 -0.464546
0.53 -0.47348
0.54 -0.482413
0.55 -0.491347
0.56 -0.50028
0.57 -0.509214
0.58 -0.518148
0.59 -0.527081
0.6 -0.536015
0.61 -0.544948
0.62 -0.553882
0.63 -0.562815
0.64 -0.571749
0.65 -0.580683
0.66 -0.589616
0.67 -0.59855
0.68 -0.607483
0.69 -0.616417
0.7 -0.62535
0.71 -0.634284
0.72 -0.643218
0.73 -0.652151
0.74 -0.661085
0.75 -0.670018
0.76 -0.678952
0.77 -0.687885
0.78 -0.696819
0.79 -0.705753
0.8 -0.714686
0.81 -0.72362
0.82 -0.732553
0.83 -0.741487
0.84 -0.750421
0.85 -0.759354
0.86 -0.768288
0.87 -0.777221
0.88 -0.786155
0.89 -0.795088
0.9 -0.804022
0.91 -0.812956
0.92 -0.821889
0.93 -0.830823
0.94 -0.839756
0.95 -0.84869
0.96 -0.857623
0.97 -0.866557
0.98 -0.875491
0.99 -0.884424
1 -0.893358
1.01 -0.902291
1.02 -0.911225
1.03 -0.920159
1.04 -0.929092
1.05 -0.938026
1.06 -0.946959
1.07 -0.955893
1.08 -0.964826
1.09 -0.97376
1.1 -0.982694
1.11 -0.991627
1.12 -1.00056
1.13 -1.00949
1.14 -1.01843
1.15 -1.02736
1.16 -1.0363
1.17 -1.04523
1.18 -1.05416
1.19 -1.0631
1.2 -1.07203
1.21 -1.08096
1.22 -1.0899
1.23 -1.09883
1.24 -1.10776
1.25 -1.1167
1.26 -1.12563
1.27 -1.13456
1.28 -1.1435
1.29 -1.15243
1.3 -1.16137
1.31 -1.1703
1.32 -1.17923
1.33 -1.18817
1.34 -1.1971
1.35 -1.20603
1.36 -1.21497
1.37 -1.2239
1.38 -1.23283
1.39 -1.24177
1.4 -1.2507
1.41 -1.25963
1.42 -1.26857
1.43 -1.2775
1.44 -1.28644
1.45 -1.29537
1.46 -1.3043
1.47 -1.31324
1.48 -1.32217
1.49 -1.3311
1.5 -1.34004
1.51 -1.34897
1.52 -1.3579
1.53 -1.36684
1.54 -1.37577
1.55 -1.3847
1.56 -1.39364
1.57 -1.40257
1.58 -1.41151
1.59 -1.42044
1.6 -1.42937
1.61 -1.43831
1.62 -1.44724
1.63 -1.45617
1.64 -1.46511
1.65 -1.47404
1.66 -1.48297
1.67 -1.49191
1.68 -1.50084
1.69 -1.03318
1.7 -0.364183
1.71 -0.209026
1.72 -0.208589
1.73 -0.227326
1.74 -0.249875
1.75 -0.288586
1.76 -0.329099
1.77 -0.37863
1.78 -0.42845
1.79 -0.477178
1.8 -0.524809
1.81 -0.562159
1.82 -0.596366
1.83 -0.614299
1.84 -0.626835
1.85 -0.621038
1.86 -0.608345
1.87 -0.579012
1.88 -0.542892
1.89 -0.49463
1.9 -0.441771
1.91 -0.382671
1.92 -0.323167
1.93 -0.263242
1.94 -0.208438
1.95 -0.157735
1.96 -0.117859
1.97 -0.0845972
1.98 -0.0666792
1.99 -0.0557742
2 -0.0622531
2.01 -0.0744693
2.02 -0.102757
2.03 -0.134634
2.04 -0.177685
2.05 -0.222217
2.06 -0.269959
2.07 -0.317784
2.08 -0.359174
2.09 -0.399337
2.1 -0.425316
2.11 -0.448121
2.12 -0.452235
2.13 -0.451085
2.14 -0.430221
2.15 -0.402599
2.16 -0.357276
2.17 -0.304896
2.18 -0.238928
2.19 -0.167095
2.2 -0.0867302
2.21 -0.00310415
2.22 0.0841562
2.23 0.171095
2.24 0.257758
2.25 0.340211
2.26 0.419903
2.27 0.49192
2.28 0.56015
2.29 0.618276
2.3 0.672762
2.31 0.716079
2.32 0.756615
2.33 0.786258
2.34 0.814219
2.35 0.83255
2.36 0.850176
2.37 0.859837
2.38 0.86909
2.39 0.872583
2.4 0.87541
2.41 0.873723
2.42 0.871042
2.43 0.864228
2.44 0.855924
2.45 0.843372
2.46 0.82869
2.47 0.80959
2.48 0.787747
2.49 0.761629
2.5 0.732463
2.51 0.699665
2.52 0.664123
2.53 0.626066
2.54 0.586384
2.55 0.545562
2.56 0.505069
2.57 0.464752
2.58 0.427322
2.59 0.391023
2.6 0.360297
2.61 0.331107
2.62 0.309665
2.63 0.289596
2.64 0.278275
2.65 0.267767
2.66 0.265301
2.67 0.263232
2.68 0.266076
2.69 0.269013
2.7 0.272702
2.71 0.275679
2.72 0.275356
2.73 0.272948
2.74 0.264041
2.75 0.251422
2.76 0.230478
2.77 0.204408
2.78 0.169756
2.79 0.129298
2.8 0.0814331
2.81 0.0282519
2.82 -0.0301399
2.83 -0.0919491
2.84 -0.15633
2.85 -0.220866
2.86 -0.285491
2.87 -0.345997
2.88 -0.404752
2.89 -0.454717
2.9 -0.502015
2.91 -0.53622
2.92 -0.567797
2.93 -0.583121
2.94 -0.596606
2.95 -0.592449
2.96 -0.587148
2.97 -0.565901
2.98 -0.543432
2.99 -0.509321
3 -0.47389
3.01 -0.431558
3.02 -0.388494
3.03 -0.342923
3.04 -0.297748
3.05 -0.253534
3.06 -0.211095
3.07 -0.171849
3.08 -0.135651
3.09 -0.103615
3.1 -0.0754657
3.11 -0.0513906
3.12 -0.0313927
3.13 -0.0146789
3.14 -0.00153334
3.15 0.00941983
3.16 0.0178759
3.17 0.0251836
3.18 0.0313366
3.19 0.0371058
3.2 0.0429542
3.21 0.0488205
3.22 0.055513
3.23 0.0623164
3.24 0.0699217
3.25 0.0775704
3.26 0.0851146
3.27 0.0925279
3.28 0.0984
3.29 0.103772
3.3 0.106167
3.31 0.107496
3.32 0.1048
3.33 0.100422
3.34 0.0916085
3.35 0.0806668
3.36 0.0656023
3.37 0.0483647
3.38 0.0279483
3.39 0.00590158
3.4 -0.0179719
3.41 -0.0422668
3.42 -0.0669248
3.43 -0.090195
3.44 -0.11255
3.45 -0.131328
3.46 -0.14833
3.47 -0.159533
3.48 -0.168633
3.49 -0.170107
3.5 -0.169668
3.51 -0.16059
3.52 -0.150163
3.53 -0.131237
3.54 -0.111675
3.55 -0.0850722
3.56 -0.0581909
3.57 -0.0274989
3.58 0.0032595
3.59 0.0344745
3.6 0.0651028
3.61 0.0932728
3.62 0.119858
3.63 0.141889
3.64 0.161224
3.65 0.17493
3.66 0.18501
3.67 0.189403
3.68 0.189705
3.69 0.185104
3.7 0.176615
3.71 0.164543
3.72 0.149522
3.73 0.132417
3.74 0.113936
3.75 0.0947197
3.76 0.0760701
3.77 0.0576442
3.78 0.0417092
3.79 0.026466
3.8 0.0151856
3.81 0.0046145
3.82 -0.00136046
3.83 -0.00690155
3.84 -0.00829735
3.85 -0.00949484
3.86 -0.0083353
3.87 -0.00716474
3.88 -0.00590538
3.89 -0.00506665
3.9 -0.00619789
3.91 -0.00841455
3.92 -0.0140402
3.93 -0.0214362
3.94 -0.0328273
3.95 -0.0464179
3.96 -0.063712
3.97 -0.083113
3.98 -0.105216
3.99 -0.128632
4 -0.153342
4.01 -0.177841
4.02 -0.202181
4.03 -0.224204
4.04 -0.244894
4.05 -0.2609
4.06 -0.274901
4.07 -0.28202
4.08 -0.287036
4.09 -0.283605
4.1 -0.278462
4.11 -0.264328
4.12 -0.249162
4.13 -0.225696
4.14 -0.201732
4.15 -0.171731
4.16 -0.141427
4.17 -0.108203
4.18 -0.0749524
4.19 -0.0415662
4.2 -0.00873473
4.21 0.0221839
4.22 0.0518631
4.23 0.0785126
4.24 0.103374
4.25 0.125001
4.26 0.144636
4.27 0.161537
4.28 0.176696
4.29 0.190019
4.3 0.202265
4.31 0.21364
4.32 0.224835
4.33 0.235921
4.34 0.247663
4.35 0.259711
4.36 0.272855
4.37 0.286368
4.38 0.300741
4.39 0.315309
4.4 0.329683
4.41 0.344029
4.42 0.356367
4.43 0.368541
4.44 0.376509
4.45 0.384004
4.46 0.385825
4.47 0.386598
4.48 0.381063
4.49 0.373955
4.5 0.36086
4.51 0.345953
4.52 0.326238
4.53 0.304957
4.54 0.280622
4.55 0.255536
4.56 0.229346
4.57 0.203729
4.58 0.178757
4.59 0.155968
4.6 0.135071
4.61 0.11791
4.62 0.103224
4.63 0.0933727
4.64 0.0859356
4.65 0.0836276
4.66 0.0831929
4.67 0.0871646
4.68 0.0922515
4.69 0.0999983
4.7 0.108165
4.71 0.116449
4.72 0.124742
4.73 0.130249
4.74 0.135429
4.75 0.13575
4.76 0.135245
4.77 0.129006
4.78 0.12148
4.79 0.108517
4.8 0.0941018
4.81 0.0754882
4.82 0.0557319
4.83 0.0335742
4.84 0.0111078
4.85 -0.0118458
4.86 -0.0338478
4.87 -0.0547035
4.88 -0.0731577
4.89 -0.0893872
4.9 -0.1019
4.91 -0.111773
4.92 -0.117088
4.93 -0.11995
4.94 -0.118154
4.95 -0.114508
4.96 -0.106974
4.97 -0.0983507
4.98 -0.0874272
4.99 -0.0760878
5 -0.0646184
5.01 -0.0531366
5.02 -0.0439
5.03 -0.0348967
5.04 -0.0299069
5.05 -0.025492
5.06 -0.0257735
5.07 -0.0269969
5.08 -0.0326723
5.09 -0.0394546
5.1 -0.0497387
5.11 -0.0609743
5.12 -0.0743708
5.13 -0.0882166
5.14 -0.102823
5.15 -0.117102
5.16 -0.130959
5.17 -0.143593
5.18 -0.155015
5.19 -0.164396
5.2 -0.172224
5.21 -0.177465
5.22 -0.18121
5.23 -0.182229
5.24 -0.182075
5.25 -0.179521
5.26 -0.176226
5.27 -0.171264
5.28 -0.16596
5.29 -0.159991
5.3 -0.153944
5.31 -0.148301
5.32 -0.142709
5.33 -0.13837
5.34 -0.134191
5.35 -0.131594
5.36 -0.129273
5.37 -0.128425
5.38 -0.127882
5.39 -0.128396
5.4 -0.129112
5.41 -0.130323
5.42 -0.131499
5.43 -0.132612
5.44 -0.133362
5.45 -0.133613
5.46 -0.133156
5.47 -0.13195
5.48 -0.129756
5.49 -0.126759
5.5 -0.122639
5.51 -0.117822
5.52 -0.111943
5.53 -0.105572
5.54 -0.0984127
5.55 -0.0909885
5.56 -0.083239
5.57 -0.0754149
5.58 -0.0678536
5.59 -0.0603285
5.6 -0.0536931
5.61 -0.0471245
5.62 -0.0419816
5.63 -0.0369695
5.64 -0.0335552
5.65 -0.0303911
5.66 -0.0287483
5.67 -0.0274293
5.68 -0.0273523
5.69 -0.0275855
5.7 -0.0286477
5.71 -0.0298953
5.72 -0.0315065
5.73 -0.0330673
5.74 -0.0345537
5.75 -0.035671
5.76 -0.0363705
5.77 -0.0363559
5.78 -0.0357193
5.79 -0.0340748
5.8 -0.0317585
5.81 -0.0282805
5.82 -0.0242187
5.83 -0.0190632
5.84 -0.0135055
5.85 -0.00719998
5.86 -0.000703634
5.87 0.00590562
5.88 0.0125329
5.89 0.0183976
5.9 0.024203
5.91 0.0282423
5.92 0.0321178
5.93 0.0335675
5.94 0.0346353
5.95 0.0330159
5.96 0.0308008
5.97 0.0260464
5.98 0.0205973
5.99 0.0131248
6 0.00506248
6.01 -0.00424663
6.02 -0.013784
6.03 -0.0236835
6.04 -0.0331987
6.05 -0.0422485
6.06 -0.0501258
6.07 -0.056911
6.08 -0.0616998
6.09 -0.0650625
6.1 -0.0657533
6.11 -0.0649982
6.12 -0.0612353
6.13 -0.05627
6.14 -0.0484554
6.15 -0.039837
6.16 -0.0290985
6.17 -0.0179727
6.18 -0.00599251
6.19 0.006071
6.2 0.0173398
6.21 0.0284857
6.22 0.0372711
6.23 0.0456535
6.24 0.0506977
6.25 0.0549745
6.26 0.0555902
6.27 0.0551531
6.28 0.0513612
6.29 0.0464488
6.3 0.0389762
6.31 0.0306265
6.32 0.020783
6.33 0.0106329
6.34 8.55698e-05
6.35 -0.00994409
6.36 -0.0194582
6.37 -0.027532
6.38 -0.0345042
6.39 -0.0392215
6.4 -0.0426268
6.41 -0.0432826
6.42 -0.0427472
6.43 -0.039452
6.44 -0.035301
6.45 -0.0289373
6.46 -0.0221167
6.47 -0.0141406
6.48 -0.006028
6.49 0.00184166
6.5 0.00965849
6.51 0.0158422
6.52 0.0217786
6.53 0.0252465
6.54 0.0282151
6.55 0.028494
6.56 0.0281017
6.57 0.0253588
6.58 0.021965
6.59 0.0169598
6.6 0.0115766
6.61 0.00550139
6.62 -0.000440915
6.63 -0.0061988
6.64 -0.0111679
6.65 -0.0152973
6.66 -0.0179902
6.67 -0.0195073
6.68 -0.0191265
6.69 -0.0175598
6.7 -0.013978
6.71 -0.00945225
6.72 -0.00323202
6.73 0.00356348
6.74 0.0112967
6.75 0.0192469
6.76 0.0270503
6.77 0.0348333
6.78 0.0412577
6.79 0.0475791
6.8 0.051501
6.81 0.0552056
6.82 0.0562042
6.83 0.0568036
6.84 0.0549476
6.85 0.052633
6.86 0.0485449
6.87 0.0441377
6.88 0.0388722
6.89 0.0336422
6.9 0.0284822
6.91 0.023873
6.92 0.020083
6.93 0.0174026
6.94 0.0159853
6.95 0.016124
6.96 0.0176252
6.97 0.0208609
6.98 0.0252591
6.99 0.0311869
7 0.0378876
7.01 0.0454891
7.02 0.0534242
7.03 0.0612633
7.04 0.0690777
7.05 0.075582
7.06 0.0818747
7.07 0.0856491
7.08 0.0892238
7.09 0.0893337
7.1 0.0892026
7.11 0.0855837
7.12 0.0815589
7.13 0.0746435
7.14 0.0672869
7.15 0.0580331
7.16 0.0485297
7.17 0.0382941
7.18 0.0282342
7.19 0.0185482
7.2 0.00963332
7.21 0.00194849
7.22 -0.00432434
7.23 -0.00887763
7.24 -0.0114928
7.25 -0.0122933
7.26 -0.0109038
7.27 -0.00794163
7.28 -0.00293224
7.29 0.00319136
7.3 0.0107777
7.31 0.0189526
7.32 0.0276098
7.33 0.0364041
7.34 0.0444441
7.35 0.0523449
7.36 0.0582127
7.37 0.0638789
7.38 0.0664432
7.39 0.0687829
7.4 0.0676945
7.41 0.0662492
7.42 0.0618075
7.43 0.0569261
7.44 0.049927
7.45 0.0426132
7.46 0.0342894
7.47 0.0260064
7.48 0.0178172
7.49 0.0102072
7.5 0.00358932
7.51 -0.00183823
7.52 -0.00571458
7.53 -0.00786858
7.54 -0.0082984
7.55 -0.00671136
7.56 -0.00357331
7.57 0.00151224
7.58 0.00773747
7.59 0.0154179
7.6 0.0237327
7.61 0.0326181
7.62 0.0416817
7.63 0.050164
7.64 0.058525
7.65 0.0650867
7.66 0.071433
7.67 0.0749389
7.68 0.0782403
7.69 0.0782341
7.7 0.0779385
7.71 0.0747038
7.72 0.0710778
7.73 0.0653219
7.74 0.0592556
7.75 0.0520938
7.76 0.0449054
7.77 0.0376504
7.78 0.0308078
7.79 0.0247247
7.8 0.0195416
7.81 0.0156144
7.82 0.0129816
7.83 0.0117343
7.84 0.011942
7.85 0.0133473
7.86 0.016035
7.87 0.0195286
7.88 0.0237725
7.89 0.0283701
7.9 0.032891
7.91 0.0373857
7.92 0.040833
7.93 0.0440359
7.94 0.0452888
7.95 0.0462664
7.96 0.0446875
7.97 0.042931
7.98 0.038537
7.99 0.0339929
8 0.0275409
8.01 0.0209466
8.02 0.0134667
8.03 0.00603474
8.04 -0.00121001
8.05 -0.00805425
8.06 -0.0138136
8.07 -0.0187429
8.08 -0.0220261
8.09 -0.0241037
8.1 -0.0243782
8.11 -0.0232671
8.12 -0.0205699
8.13 -0.0166147
8.14 -0.0115522
8.15 -0.00571244
8.16 0.000651201
8.17 0.00700364
8.18 0.0133504
8.19 0.0187266
8.2 0.0237412
8.21 0.026862
8.22 0.0294916
8.23 0.0295742
8.24 0.0292407
8.25 0.0261825
8.26 0.022904
8.27 0.0173232
8.28 0.0116527
8.29 0.00483958
8.3 -0.00195084
8.31 -0.00857794
8.32 -0.0149053
8.33 -0.0199327
8.34 -0.0242627
8.35 -0.0265329
8.36 -0.0277101
8.37 -0.0265487
8.38 -0.0240486
8.39 -0.0194015
8.4 -0.0134509
8.41 -0.00590428
8.42 0.00255615
8.43 0.0118768
8.44 0.0213787
8.45 0.0310116
8.46 0.0398562
8.47 0.0482692
8.48 0.0548715
8.49 0.0607405
8.5 0.0639494
8.51 0.0663962
8.52 0.0657231
8.53 0.0644685
8.54 0.0601782
8.55 0.0555819
8.56 0.048628
8.57 0.0415668
8.58 0.0334317
8.59 0.0253303
8.6 0.0175157
8.61 0.00997968
8.62 0.00379764
8.63 -0.00177343
8.64 -0.00536875
8.65 -0.0080509
8.66 -0.00861995
8.67 -0.00812546
8.68 -0.00579897
8.69 -0.00250008
8.7 0.0020729
8.71 0.00725617
8.72 0.0130536
8.73 0.0188718
8.74 0.024706
8.75 0.0298541
8.76 0.0345983
8.77 0.0379851
8.78 0.0407763
8.79 0.0417335
8.8 0.0421134
8.81 0.0405033
8.82 0.0384746
8.83 0.0346808
8.84 0.0306727
8.85 0.0254815
8.86 0.0202297
8.87 0.0146433
8.88 0.00910295
8.89 0.00403729
8.9 -0.000844742
8.91 -0.00471738
8.92 -0.00824684
8.93 -0.0105559
8.94 -0.012412
8.95 -0.013132
8.96 -0.0133973
8.97 -0.0128203
8.98 -0.0119209
8.99 -0.0105691
9 -0.00914651
9.01 -0.0076477
9.02 -0.00639586
9.03 -0.00534837
9.04 -0.00485449
9.05 -0.00471043
9.06 -0.00533388
9.07 -0.00632127
9.08 -0.00813317
9.09 -0.0102289
9.1 -0.0130194
9.11 -0.0159733
9.12 -0.0193175
9.13 -0.0227174
9.14 -0.0260799
9.15 -0.029437
9.16 -0.0322905
9.17 -0.0350812
9.18 -0.0370575
9.19 -0.0388827
9.2 -0.0397574
9.21 -0.0403963
9.22 -0.0401081
9.23 -0.0395317
9.24 -0.0381691
9.25 -0.0365153
9.26 -0.0342805
9.27 -0.0318053
9.28 -0.0289685
9.29 -0.0259879
9.3 -0.0228418
9.31 -0.0196795
9.32 -0.016503
9.33 -0.0134529
9.34 -0.0104886
9.35 -0.00779359
9.36 -0.00523637
9.37 -0.00307999
9.38 -0.001074
9.39 0.00042267
9.4 0.00178616
9.41 0.00256947
9.42 0.00325697
9.43 0.00335128
9.44 0.00339667
9.45 0.00291852
9.46 0.00241664
9.47 0.0016034
9.48 0.000784501
9.49 -7.57114e-05
9.5 -0.000880859
9.51 -0.00144508
9.52 -0.00184429
9.53 -0.00175266
9.54 -0.00135315
9.55 -0.000290763
9.56 0.00121928
9.57 0.0034514
9.58 0.0062157
9.59 0.00963506
9.6 0.0135578
9.61 0.017957
9.62 0.0226696
9.63 0.0276098
9.64 0.0324924
9.65 0.0373434
9.66 0.0416086
9.67 0.045635
9.68 0.048464
9.69 0.0509473
9.7 0.0516575
9.71 0.0520339
9.72 0.0502423
9.73 0.0482288
9.74 0.0439739
9.75 0.0395864
9.76 0.0334439
9.77 0.0271977
9.78 0.0200554
9.79 0.0129214
9.8 0.00582767
9.81 -0.000997393
9.82 -0.00694734
9.83 -0.0122712
9.84 -0.0161372
9.85 -0.0190219
9.86 -0.0202068
9.87 -0.0201838
9.88 -0.0185694
9.89 -0.0157691
9.9 -0.0117688
9.91 -0.00693086
9.92 -0.00144167
9.93 0.0042066
9.94 0.00994901
9.95 0.0149275
9.96 0.0195688
9.97 0.0224499
9.98 0.0247729
9.99 0.0244941
10 0.0236628
10.01 0.0197797
10.02 0.0155209
10.03 0.00834171
10.04 0.000983326
10.05 -0.0084064
10.06 -0.0178525
10.07 -0.0278904
10.08 -0.037779
10.09 -0.0468393
10.1 -0.0553538
10.11 -0.0619119
10.12 -0.0674388
10.13 -0.0703619
10.14 -0.0718353
10.15 -0.0706074
10.16 -0.0677471
10.17 -0.0625838
10.18 -0.0559748
10.19 -0.0478017
10.2 -0.0387924
10.21 -0.0290876
10.22 -0.0195251
10.23 -0.0100532
10.24 -0.00190729
10.25 0.00560602
10.26 0.0106528
10.27 0.0148446
10.28 0.0157537
10.29 0.0158833
10.3 0.0124874
10.31 0.0085816
10.32 0.00163155
10.33 -0.00552422
10.34 -0.0144964
10.35 -0.0234723
10.36 -0.0324967
10.37 -0.0412841
10.38 -0.048565
10.39 -0.0551971
10.4 -0.0592568
10.41 -0.0622219
10.42 -0.0621815
10.43 -0.0607402
10.44 -0.056487
10.45 -0.0508259
10.46 -0.0430358
10.47 -0.0342256
10.48 -0.0242352
10.49 -0.0140036
10.5 -0.00355736
10.51 0.00607566
10.52 0.0151546
10.53 0.0223011
10.54 0.0284536
10.55 0.0317526
10.56 0.0339738
10.57 0.0328728
10.58 0.0308961
10.59 0.0257615
10.6 0.0200998
10.61 0.0121341
10.62 0.00397476
10.63 -0.0050426
10.64 -0.0140226
10.65 -0.0221605
10.66 -0.0300072
10.67 -0.0357015
10.68 -0.0407488
10.69 -0.0429405
10.7 -0.0441629
10.71 -0.0424814
10.72 -0.0396961
10.73 -0.0345195
10.74 -0.028409
10.75 -0.0207834
10.76 -0.0127378
10.77 -0.0041723
10.78 0.00401197
10.79 0.0118336
10.8 0.0183338
10.81 0.0238693
10.82 0.027215
10.83 0.0293479
10.84 0.0287198
10.85 0.0269591
10.86 0.0223489
10.87 0.0169099
10.88 0.00911121
10.89 0.000863756
10.9 -0.00870102
10.91 -0.0184028
10.92 -0.0279797
10.93 -0.037492
10.94 -0.0454155
10.95 -0.0530485
10.96 -0.0581359
10.97 -0.0626382
10.98 -0.0642422
10.99 -0.0650312
11 -0.0631454
11.01 -0.0604008
11.02 -0.0556435
11.03 -0.0502455
11.04 -0.0437313
11.05 -0.0370627
11.06 -0.0301897
11.07 -0.023845
11.08 -0.0180377
11.09 -0.0135007
11.1 -0.00995658
11.11 -0.00831058
11.12 -0.00779448
11.13 -0.00952035
11.14 -0.0122422
11.15 -0.0171409
11.16 -0.0227348
11.17 -0.0299847
11.18 -0.0375894
11.19 -0.0459222
11.2 -0.0543458
11.21 -0.0623037
11.22 -0.0702056
11.23 -0.0764613
11.24 -0.082498
11.25 -0.0861981
11.26 -0.0894482
11.27 -0.0901742
11.28 -0.0902766
11.29 -0.0881264
11.3 -0.0853285
11.31 -0.0808846
11.32 -0.0759749
11.33 -0.0701924
11.34 -0.064334
11.35 -0.0583679
11.36 -0.0528666
11.37 -0.0478709
11.38 -0.0439244
11.39 -0.0408553
11.4 -0.0393279
11.41 -0.0387855
11.42 -0.0400499
11.43 -0.0421815
11.44 -0.0460539
11.45 -0.0505342
11.46 -0.0563129
11.47 -0.0624026
11.48 -0.0689999
11.49 -0.0756716
11.5 -0.0818157
11.51 -0.0879192
11.52 -0.0923934
11.53 -0.0966978
11.54 -0.098712
11.55 -0.100336
11.56 -0.0994469
11.57 -0.0979795
11.58 -0.0941989
11.59 -0.0897729
11.6 -0.0835633
11.61 -0.0768272
11.62 -0.0690283
11.63 -0.0610272
11.64 -0.0527187
11.65 -0.0447035
11.66 -0.0370293
11.67 -0.0302286
11.68 -0.0242093
11.69 -0.0196053
11.7 -0.0159708
11.71 -0.0141179
11.72 -0.0131871
11.73 -0.0141097
11.74 -0.0157371
11.75 -0.0189236
11.76 -0.0225243
11.77 -0.0270214
11.78 -0.0316697
11.79 -0.0362616
11.8 -0.0408487
11.81 -0.0442892
11.82 -0.0476064
11.83 -0.0489686
11.84 -0.050024
11.85 -0.0487827
11.86 -0.0470493
11.87 -0.0431243
11.88 -0.0386312
11.89 -0.0324238
11.9 -0.0257563
11.91 -0.018086
11.92 -0.0102777
11.93 -0.00224424
11.94 0.00542101
11.95 0.0126281
11.96 0.0188659
11.97 0.0241767
11.98 0.0279567
11.99 0.0306129
12 0.0313669
12.01 0.0310613
12.02 0.0288036
12.03 0.02574
12.04 0.0210728
12.05 0.0159356
12.06 0.00993636
12.07 0.00377163
12.08 -0.00221753
12.09 -0.00818814
12.1 -0.0128297
12.11 -0.0173489
12.12 -0.0196649
12.13 -0.0217011
12.14 -0.0212508
12.15 -0.020347
12.16 -0.0171755
12.17 -0.0135041
12.18 -0.0081805
12.19 -0.00251213
12.2 0.0039692
12.21 0.0104206
12.22 0.0168196
12.23 0.0226436
12.24 0.0277021
12.25 0.0315826
12.26 0.0342585
12.27 0.0352486
12.28 0.0349138
12.29 0.0326388
12.3 0.0292024
12.31 0.0239492
12.32 0.0178839
12.33 0.0105554
12.34 0.00282049
12.35 -0.00523583
12.36 -0.0133617
12.37 -0.0206175
12.38 -0.0277633
12.39 -0.0328139
12.4 -0.0377045
12.41 -0.0396087
12.42 -0.0412289
12.43 -0.0397676
12.44 -0.0378406
12.45 -0.0332737
12.46 -0.0282087
12.47 -0.0213302
12.48 -0.0141349
12.49 -0.00612932
12.5 0.00179472
12.51 0.00956507
12.52 0.016704
12.53 0.0229422
12.54 0.0279697
12.55 0.0316733
12.56 0.0337097
12.57 0.0343442
12.58 0.0331231
12.59 0.0307096
12.6 0.0266206
12.61 0.0217226
12.62 0.0157238
12.63 0.00933804
12.64 0.00275728
12.65 -0.00387058
12.66 -0.00960353
12.67 -0.015204
12.68 -0.0188405
12.69 -0.0223382
12.7 -0.0230591
12.71 -0.0235788
12.72 -0.0213262
12.73 -0.0187208
12.74 -0.0138204
12.75 -0.00854713
12.76 -0.0017713
12.77 0.00521635
12.78 0.0127935
12.79 0.020245
12.8 0.0274412
12.81 0.0340577
12.82 0.039788
12.83 0.0444713
12.84 0.0479302
12.85 0.0499832
12.86 0.0507722
12.87 0.050017
12.88 0.0481981
12.89 0.0449908
12.9 0.0410606
12.91 0.0362057
12.92 0.0309969
12.93 0.0255832
12.94 0.0201146
12.95 0.0153044
12.96 0.0106065
12.97 0.00742161
12.98 0.0043686
12.99 0.00351122
13 0.00281069
13.01 0.00442589
13.02 0.00630486
13.03 0.0101842
13.04 0.0143815
13.05 0.0200078
13.06 0.0258786
13.07 0.0324923
13.08 0.0391424
13.09 0.0458728
13.1 0.0523292
13.11 0.0583362
13.12 0.0637197
13.13 0.0683233
13.14 0.0719953
13.15 0.0747716
13.16 0.0764296
13.17 0.0772624
13.18 0.0769724
13.19 0.0760533
13.2 0.0742156
13.21 0.0719962
13.22 0.0692555
13.23 0.0663609
13.24 0.0634773
13.25 0.0605959
13.26 0.0583003
13.27 0.0560677
13.28 0.0549273
13.29 0.0538692
13.3 0.054137
13.31 0.054539
13.32 0.0561527
13.33 0.0579403
13.34 0.0606064
13.35 0.063397
13.36 0.0666029
13.37 0.0697767
13.38 0.0728744
13.39 0.0756873
13.4 0.0779986
13.41 0.0797191
13.42 0.0806486
13.43 0.0806938
13.44 0.07983
13.45 0.077879
13.46 0.0750689
13.47 0.0711313
13.48 0.0665148
13.49 0.0609423
13.5 0.0549397
13.51 0.048375
13.52 0.0416281
13.53 0.0348991
13.54 0.028174
13.55 0.0221491
13.56 0.0162138
13.57 0.0116437
13.58 0.00717486
13.59 0.00451808
13.6 0.00202305
13.61 0.0013136
13.62 0.000859726
13.63 0.00186997
13.64 0.00313615
13.65 0.00534143
13.66 0.00767543
13.67 0.0103409
13.68 0.0128827
13.69 0.0151901
13.7 0.0170397
13.71 0.018233
13.72 0.0186314
13.73 0.018156
13.74 0.0166429
13.75 0.0142525
13.76 0.0107691
13.77 0.00657942
13.78 0.00149277
13.79 -0.00402964
13.8 -0.00998895
13.81 -0.0161029
13.82 -0.0219799
13.83 -0.0277992
13.84 -0.0326052
13.85 -0.0372592
13.86 -0.0401755
13.87 -0.0429697
13.88 -0.0435261
13.89 -0.0439345
13.9 -0.0422599
13.91 -0.0403446
13.92 -0.0368453
13.93 -0.0331312
13.94 -0.0285442
13.95 -0.0239175
13.96 -0.0191796
13.97 -0.0147093
13.98 -0.0107861
13.99 -0.007505
14 -0.00521103
14.01 -0.00389997
14.02 -0.00374438
14.03 -0.00476691
14.04 -0.0068545
14.05 -0.0100763
14.06 -0.0140839
14.07 -0.018896
14.08 -0.0241296
14.09 -0.029572
14.1 -0.035095
14.11 -0.0400558
14.12 -0.0448648
14.13 -0.0483132
14.14 -0.051527
14.15 -0.0527325
14.16 -0.0537597
14.17 -0.0524488
14.18 -0.0509944
14.19 -0.047518
14.2 -0.04387
14.21 -0.0389042
14.22 -0.033833
14.23 -0.0282836
14.24 -0.0228367
14.25 -0.0177034
14.26 -0.0129811
14.27 -0.00916617
14.28 -0.00608812
14.29 -0.00422581
14.3 -0.00333799
14.31 -0.00367577
14.32 -0.0050396
14.33 -0.00739524
14.34 -0.0105811
14.35 -0.014383
14.36 -0.018569
14.37 -0.0229714
14.38 -0.0271251
14.39 -0.0311748
14.4 -0.0342786
14.41 -0.0371009
14.42 -0.0383715
14.43 -0.0393381
14.44 -0.0383938
14.45 -0.0372413
14.46 -0.0341813
14.47 -0.0310092
14.48 -0.0264368
14.49 -0.0218
14.5 -0.0165739
14.51 -0.0113897
14.52 -0.00641865
14.53 -0.0017007
14.54 0.00216776
14.55 0.00552583
14.56 0.00766479
14.57 0.00907448
14.58 0.00919139
14.59 0.00848411
14.6 0.00666729
14.61 0.00411654
14.62 0.000807278
14.63 -0.0029441
14.64 -0.00704666
14.65 -0.0111358
14.66 -0.0152169
14.67 -0.0187531
14.68 -0.0220428
14.69 -0.0243006
14.7 -0.0262216
14.71 -0.0267931
14.72 -0.0270674
14.73 -0.025944
14.74 -0.0246391
14.75 -0.0222066
14.76 -0.0197065
14.77 -0.0166653
14.78 -0.0136407
14.79 -0.0108037
14.8 -0.00810401
14.81 -0.00619937
14.82 -0.0046138
14.83 -0.00420823
14.84 -0.00430437
14.85 -0.00570097
14.86 -0.0077133
14.87 -0.0109001
14.88 -0.0146887
14.89 -0.0193451
14.9 -0.0244291
14.91 -0.0299857
14.92 -0.0356414
14.93 -0.0413813
14.94 -0.046782
14.95 -0.0519623
14.96 -0.0563311
14.97 -0.0603032
14.98 -0.0630489
14.99 -0.0653574
15 -0.0661695
15.01 -0.066614
15.02 -0.0655021
15.03 -0.0641543
15.04 -0.0614291
15.05 -0.0586063
15.06 -0.0548091
15.07 -0.0509867
15.08 -0.0468098
15.09 -0.0426614
15.1 -0.0387024
15.11 -0.0348863
15.12 -0.0316555
15.13 -0.028708
15.14 -0.0265597
15.15 -0.0248168
15.16 -0.0239074
15.17 -0.0234635
15.18 -0.0237394
15.19 -0.0244459
15.2 -0.0256615
15.21 -0.0271621
15.22 -0.0289218
15.23 -0.0307156
15.24 -0.0325331
15.25 -0.0340563
15.26 -0.0354244
15.27 -0.0361377
15.28 -0.0365972
15.29 -0.0360689
15.3 -0.0352718
15.31 -0.0332446
15.32 -0.031003
15.33 -0.0274376
15.34 -0.0237528
15.35 -0.0188423
15.36 -0.013868
15.37 -0.00806049
15.38 -0.00221073
15.39 0.00396828
15.4 0.0101113
15.41 0.0160895
15.42 0.0218803
15.43 0.0270936
15.44 0.0319215
15.45 0.0358939
15.46 0.0392808
15.47 0.041696
15.48 0.0433772
15.49 0.0441301
15.5 0.0441047
15.51 0.0433227
15.52 0.0418594
15.53 0.0398879
15.54 0.0374842
15.55 0.0348356
15.56 0.0321318
15.57 0.0294047
15.58 0.0270676
15.59 0.0248475
15.6 0.0234446
15.61 0.0222031
15.62 0.0220896
15.63 0.0221007
15.64 0.023346
15.65 0.0246678
15.66 0.0270043
15.67 0.0293995
15.68 0.0323404
15.69 0.0352865
15.7 0.0382591
15.71 0.0411041
15.72 0.0435179
15.73 0.0456236
15.74 0.0469889
15.75 0.0478746
15.76 0.0479052
15.77 0.0473605
15.78 0.0460374
15.79 0.0441781
15.8 0.0417618
15.81 0.0390128
15.82 0.0359981
15.83 0.0330047
15.84 0.0300244
15.85 0.0275093
15.86 0.0252062
15.87 0.0238016
15.88 0.0226924
15.89 0.0227852
15.9 0.0231451
15.91 0.0247717
15.92 0.0265648
15.93 0.0293818
15.94 0.0322604
15.95 0.035596
15.96 0.038908
15.97 0.0419493
15.98 0.0448381
15.99 0.0468347
16 0.0484863
16.01 0.0488524
16.02 0.048686
16.03 0.0471303
16.04 0.044943
16.05 0.0415437
16.06 0.0375751
16.07 0.032781
16.08 0.0276793
16.09 0.022236
16.1 0.0169299
16.11 0.0117412
16.12 0.00724273
16.13 0.00319525
16.14 0.000376036
16.15 -0.00183925
16.16 -0.00244829
16.17 -0.00248098
16.18 -0.00082087
16.19 0.00125853
16.2 0.0047451
16.21 0.00844749
16.22 0.0128981
16.23 0.0174029
16.24 0.0217145
16.25 0.0259513
16.26 0.0290936
16.27 0.0319867
16.28 0.0332013
16.29 0.0339653
16.3 0.0328671
16.31 0.0311862
16.32 0.0278495
16.33 0.0239558
16.34 0.0189098
16.35 0.0135423
16.36 0.0076751
16.37 0.00192548
16.38 -0.00368438
16.39 -0.00860582
16.4 -0.0128983
16.41 -0.0159259
16.42 -0.0180676
16.43 -0.0185155
16.44 -0.0180658
16.45 -0.0157826
16.46 -0.0127836
16.47 -0.00819292
16.48 -0.00316567
16.49 0.00281834
16.5 0.00897077
16.51 0.0151338
16.52 0.0212979
16.53 0.0263814
16.54 0.0313504
16.55 0.034411
16.56 0.0371874
16.57 0.0377219
16.58 0.0377969
16.59 0.0357512
16.6 0.0331777
16.61 0.0289659
16.62 0.0243289
16.63 0.018742
16.64 0.0130165
16.65 0.00705966
16.66 0.00138854
16.67 -0.00391932
16.68 -0.00847592
16.69 -0.0122986
16.7 -0.0149876
16.71 -0.0168264
16.72 -0.0173515
16.73 -0.0171279
16.74 -0.0156932
16.75 -0.0137457
16.76 -0.0109878
16.77 -0.00798512
16.78 -0.00481162
16.79 -0.001604
16.8 0.00102238
16.81 0.00358357
16.82 0.00486566
16.83 0.00604946
16.84 0.00558286
16.85 0.0049525
16.86 0.00277642
16.87 0.000380695
16.88 -0.0031567
16.89 -0.00686242
16.9 -0.0111417
16.91 -0.0154172
16.92 -0.0196838
16.93 -0.0236838
16.94 -0.027206
16.95 -0.0301747
16.96 -0.0323902
16.97 -0.0338258
16.98 -0.0344468
16.99 -0.0342012
17 -0.0332596
17.01 -0.0315526
17.02 -0.0293769
17.03 -0.0267275
17.04 -0.0238611
17.05 -0.0209545
17.06 -0.0180346
17.07 -0.0155585
17.08 -0.013182
17.09 -0.0116723
17.1 -0.010278
17.11 -0.0100061
17.12 -0.00981098
17.13 -0.0107237
17.14 -0.0117021
17.15 -0.0134437
17.16 -0.0152398
17.17 -0.0173578
17.18 -0.019448
17.19 -0.0214336
17.2 -0.0232561
17.21 -0.02465
17.22 -0.0257319
17.23 -0.0262116
17.24 -0.0262653
17.25 -0.025698
17.26 -0.0246675
17.27 -0.0231197
17.28 -0.0211707
17.29 -0.0188771
17.3 -0.0163397
17.31 -0.013642
17.32 -0.0109238
17.33 -0.00819529
17.34 -0.0056891
17.35 -0.00326321
17.36 -0.00127182
17.37 0.000611036
17.38 0.00191786
17.39 0.00313533
17.4 0.00372551
17.41 0.00426937
17.42 0.00422011
17.43 0.00413966
17.44 0.00361893
17.45 0.0030551
17.46 0.00219746
17.47 0.00129624
17.48 0.000213305
17.49 -0.000907216
17.5 -0.00213526
17.51 -0.00339197
17.52 -0.00470831
17.53 -0.00603787
17.54 -0.0073881
17.55 -0.00871908
17.56 -0.0100271
17.57 -0.0112535
17.58 -0.0124049
17.59 -0.013375
17.6 -0.0142174
17.61 -0.0147471
17.62 -0.0151102
17.63 -0.0150218
17.64 -0.0147559
17.65 -0.0139331
17.66 -0.0129564
17.67 -0.0114013
17.68 -0.00974333
17.69 -0.00761477
17.7 -0.00544223
17.71 -0.00306009
17.72 -0.000682074
17.73 0.00152062
17.74 0.00365544
17.75 0.00524772
17.76 0.00666691
17.77 0.00727987
17.78 0.00760155
17.79 0.00701234
17.8 0.0060507
17.81 0.00425173
17.82 0.00209043
17.83 -0.000678898
17.84 -0.00366831
17.85 -0.00693902
17.86 -0.0101448
17.87 -0.0132868
17.88 -0.0159671
17.89 -0.0182991
17.9 -0.0197345
17.91 -0.0206559
17.92 -0.0203132
17.93 -0.0194317
17.94 -0.017101
17.95 -0.0143294
17.96 -0.010201
17.97 -0.00579908
17.98 -0.000456932
17.99 0.00499223
18 0.0106645
18.01 0.0163258
18.02 0.0213322
18.03 0.0261966
18.04 0.0297004
18.05 0.0328695
18.06 0.0342819
18.07 0.0351713
18.08 0.0342651
18.09 0.0327394
18.1 0.0297056
18.11 0.0261221
18.12 0.0215472
18.13 0.0166941
18.14 0.0114604
18.15 0.00640173
18.16 0.00152692
18.17 -0.00261626
18.18 -0.00616886
18.19 -0.00845403
18.2 -0.00995871
18.21 -0.0098236
18.22 -0.00893247
18.23 -0.00631881
18.24 -0.00313096
18.25 0.00149795
18.26 0.00645279
18.27 0.0122056
18.28 0.0180661
18.29 0.0238091
18.3 0.0295316
18.31 0.0341401
18.32 0.0385994
18.33 0.041291
18.34 0.0436463
18.35 0.0439918
18.36 0.0438482
18.37 0.0418519
18.38 0.0393299
18.39 0.0354179
18.4 0.031111
18.41 0.0260377
18.42 0.0208694
18.43 0.0155619
18.44 0.0105747
18.45 0.00594729
18.46 0.00207285
18.47 -0.00115135
18.48 -0.00329163
18.49 -0.00471581
18.5 -0.0049351
18.51 -0.00455482
18.52 -0.00312489
18.53 -0.00131315
18.54 0.00111537
18.55 0.00369922
18.56 0.00626015
18.57 0.00881749
18.58 0.0106377
18.59 0.0124025
18.6 0.0128082
18.61 0.0131085
18.62 0.0118815
18.63 0.0104614
18.64 0.00770861
18.65 0.00474695
18.66 0.000906878
18.67 -0.00303753
18.68 -0.00728251
18.69 -0.0114049
18.7 -0.0152706
18.71 -0.0187069
18.72 -0.0214683
18.73 -0.0234921
18.74 -0.02463
18.75 -0.0248147
18.76 -0.0241192
18.77 -0.0224313
18.78 -0.0200407
18.79 -0.016844
18.8 -0.0132153
18.81 -0.0091882
18.82 -0.00500357
18.83 -0.000988364
18.84 0.00297964
18.85 0.00616004
18.86 0.00919889
18.87 0.0109168
18.88 0.0125091
18.89 0.0124626
18.9 0.0123107
18.91 0.0106527
18.92 0.00886524
18.93 0.00602973
18.94 0.00309597
18.95 -0.000299674
18.96 -0.00365749
18.97 -0.00689613
18.98 -0.00987685
18.99 -0.012274
19 -0.0141604
19.01 -0.0151847
19.02 -0.0154807
19.03 -0.0148408
19.04 -0.0133571
19.05 -0.0110403
19.06 -0.00791386
19.07 -0.00417349
19.08 0.000178011
19.09 0.00488189
19.1 0.00985711
19.11 0.0149487
19.12 0.0198875
19.13 0.0247795
19.14 0.0290886
19.15 0.0332792
19.16 0.036534
19.17 0.0396809
19.18 0.0416852
19.19 0.0436132
19.2 0.0444407
19.21 0.0451834
19.22 0.045101
19.23 0.0449268
19.24 0.0442653
19.25 0.0435567
19.26 0.0426853
19.27 0.0418517
19.28 0.0411106
19.29 0.0405069
19.3 0.0401524
19.31 0.0400191
19.32 0.0401899
19.33 0.0406214
19.34 0.0413281
19.35 0.0422726
19.36 0.0434102
19.37 0.0446957
19.38 0.0460728
19.39 0.0474508
19.4 0.0488293
19.41 0.0500274
19.42 0.051165
19.43 0.0519373
19.44 0.0526262
19.45 0.0527945
19.46 0.0528916
19.47 0.0523717
19.48 0.0518094
19.49 0.0506282
19.5 0.0494075
19.51 0.0477081
19.52 0.0459592
19.53 0.0439106
19.54 0.0418318
19.55 0.0396376
19.56 0.0374595
19.57 0.0353245
19.58 0.0332677
19.59 0.0313637
19.6 0.0295963
19.61 0.0280301
19.62 0.0266308
19.63 0.02542
19.64 0.024355
19.65 0.0234166
19.66 0.0225346
19.67 0.02169
19.68 0.0207412
19.69 0.0197401
19.7 0.0184182
19.71 0.0169788
19.72 0.014983
19.73 0.012846
19.74 0.00995248
19.75 0.00693894
19.76 0.00306907
19.77 -0.000866645
19.78 -0.00559708
19.79 -0.010362
19.8 -0.0155969
19.81 -0.0208377
19.82 -0.0261204
19.83 -0.0313081
19.84 -0.0360926
19.85 -0.0406069
19.86 -0.0443376
19.87 -0.0475789
19.88 -0.0497896
19.89 -0.0513021
19.9 -0.0517109
19.91 -0.051292
19.92 -0.0498737
19.93 -0.0476449
19.94 -0.0446635
19.95 -0.0410817
19.96 -0.0370724
19.97 -0.0328728
19.98 -0.0285707
19.99 -0.0246459
20 -0.0208713
20.01 -0.0181051
20.02 -0.0156221
20.03 -0.0147101
20.04 -0.0140835
20.05 -0.0153768
20.06 -0.0168556
20.07 -0.0202626
20.08 -0.0237768
20.09 -0.0286872
20.1 -0.0336666
20.11 -0.0392135
20.12 -0.0446978
20.13 -0.0498848
20.14 -0.0547469
20.15 -0.0585782
20.16 -0.0617478
20.17 -0.0634113
20.18 -0.0640965
20.19 -0.0631214
20.2 -0.0609825
20.21 -0.0573397
20.22 -0.0525759
20.23 -0.0466992
20.24 -0.0400271
20.25 -0.0327485
20.26 -0.0252717
20.27 -0.0176799
20.28 -0.0106745
20.29 -0.00392204
20.3 0.00142016
20.31 0.00632688
20.32 0.00914302
20.33 0.0115298
20.34 0.0114676
20.35 0.0111185
20.36 0.0084136
20.37 0.00556711
20.38 0.00104326
20.39 -0.00354355
20.4 -0.00875312
20.41 -0.0138902
20.42 -0.0186394
20.43 -0.023055
20.44 -0.0263076
20.45 -0.0289185
20.46 -0.0299464
20.47 -0.0300868
20.48 -0.0286075
20.49 -0.0261662
20.5 -0.022394
20.51 -0.0178316
20.52 -0.0124307
20.53 -0.00667309
20.54 -0.000624364
20.55 0.00514417
20.56 0.0107382
20.57 0.0153353
20.58 0.0194671
20.59 0.0219701
20.6 0.0239225
20.61 0.0238666
20.62 0.0233485
20.63 0.0208222
20.64 0.018018
20.65 0.0136356
20.66 0.00915232
20.67 0.00391803
20.68 -0.0012962
20.69 -0.00626331
20.7 -0.0110619
20.71 -0.0148307
20.72 -0.0182175
20.73 -0.0201339
20.74 -0.0214775
20.75 -0.0212866
20.76 -0.0204467
20.77 -0.0183318
20.78 -0.0156712
20.79 -0.0122016
20.8 -0.0084845
20.81 -0.00448641
20.82 -0.000688421
20.83 0.00293492
20.84 0.00586024
20.85 0.00831928
20.86 0.00966296
20.87 0.0104449
20.88 0.00990354
20.89 0.0088742
20.9 0.00661351
20.91 0.00403757
20.92 0.000646116
20.93 -0.0028762
20.94 -0.0065313
20.95 -0.0101968
20.96 -0.013177
20.97 -0.0160719
20.98 -0.0176691
20.99 -0.019046
21 -0.0188655
21.01 -0.018342
21.02 -0.0163518
21.03 -0.0139861
21.04 -0.0105236
21.05 -0.00679163
21.06 -0.00248843
21.07 0.00183412
21.08 0.00618742
21.09 0.010209
21.1 0.0138279
21.11 0.0167474
21.12 0.019014
21.13 0.0203008
21.14 0.0208861
21.15 0.020394
21.16 0.0193175
21.17 0.0173077
21.18 0.0149239
21.19 0.0119943
21.2 0.00891018
21.21 0.00584941
21.22 0.00279293
21.23 0.000395625
21.24 -0.00193692
21.25 -0.00305113
21.26 -0.004073
21.27 -0.00365696
21.28 -0.00308644
21.29 -0.00122949
21.3 0.000816803
21.31 0.00376976
21.32 0.00685382
21.33 0.0103569
21.34 0.0138375
21.35 0.0172664
21.36 0.0204573
21.37 0.023242
21.38 0.0255722
21.39 0.0273119
21.4 0.0284493
21.41 0.0289857
21.42 0.0288986
21.43 0.0283336
21.44 0.027277
21.45 0.0259338
21.46 0.0243687
21.47 0.0227074
21.48 0.0211754
21.49 0.0196837
21.5 0.0186687
21.51 0.0177525
21.52 0.0175642
21.53 0.0174624
21.54 0.018169
21.55 0.0189264
21.56 0.0203336
21.57 0.0217714
21.58 0.0235159
21.59 0.025251
21.6 0.026935
21.61 0.0285234
21.62 0.0297757
21.63 0.0308295
21.64 0.0313906
21.65 0.0316753
21.66 0.0314526
21.67 0.0309393
21.68 0.0300216
21.69 0.0288842
21.7 0.0275125
21.71 0.0260725
21.72 0.0245765
21.73 0.0232106
21.74 0.0219262
21.75 0.0209629
21.76 0.0201504
21.77 0.0197817
21.78 0.0195642
21.79 0.0197953
21.8 0.0201305
21.81 0.0207786
21.82 0.0214706
21.83 0.0222143
21.84 0.0229589
21.85 0.0234243
21.86 0.0238474
21.87 0.0237393
21.88 0.0235263
21.89 0.0226644
21.9 0.0216422
21.91 0.0199979
21.92 0.0181768
21.93 0.0158783
21.94 0.0134453
21.95 0.0107463
21.96 0.00801495
21.97 0.0052354
21.98 0.00256492
21.99 1.8881e-05
22 -0.00227513
22.01 -0.00434801
22.02 -0.00606795
22.03 -0.00755082
22.04 -0.00865751
22.05 -0.00957362
22.06 -0.0101829
22.07 -0.0106784
22.08 -0.0110158
22.09 -0.0113125
22.1 -0.0116386
22.11 -0.0119695
22.12 -0.0124968
22.13 -0.0130398
22.14 -0.0138634
22.15 -0.0147023
22.16 -0.0157522
22.17 -0.0168075
22.18 -0.0179018
22.19 -0.018956
22.2 -0.0198373
22.21 -0.0205958
22.22 -0.020993
22.23 -0.0211672
22.24 -0.0208662
22.25 -0.0202592
22.26 -0.0191632
22.27 -0.017734
22.28 -0.0158981
22.29 -0.0137869
22.3 -0.0114173
22.31 -0.00892381
22.32 -0.00634107
22.33 -0.00385899
22.34 -0.00143182
22.35 0.00064468
22.36 0.00257972
22.37 0.00395469
22.38 0.00516994
22.39 0.00572414
22.4 0.00615584
22.41 0.00598406
22.42 0.00575203
22.43 0.00514777
22.44 0.004534
22.45 0.00392285
22.46 0.00335457
22.47 0.00314825
22.48 0.00306734
22.49 0.0035926
22.5 0.00433186
22.51 0.00576017
22.52 0.00745181
22.53 0.00975052
22.54 0.0122803
22.55 0.0152068
22.56 0.0182265
22.57 0.021368
22.58 0.0243649
22.59 0.0272169
22.6 0.0296259
22.61 0.0316934
22.62 0.0330253
22.63 0.0339259
22.64 0.0338844
22.65 0.033431
22.66 0.0319874
22.67 0.0302336
22.68 0.0276443
22.69 0.0248802
22.7 0.0216389
22.71 0.01834
22.72 0.015075
22.73 0.0118255
22.74 0.00915154
22.75 0.0065685
22.76 0.00491396
22.77 0.00345138
22.78 0.00303762
22.79 0.00289066
22.8 0.00368817
22.81 0.00475393
22.82 0.00648999
22.83 0.00839426
22.84 0.010609
22.85 0.0127924
22.86 0.0149319
22.87 0.0167755
22.88 0.0183018
22.89 0.019264
22.9 0.0197611
22.91 0.0194949
22.92 0.0187481
22.93 0.0171731
22.94 0.0152069
22.95 0.012521
22.96 0.00958851
22.97 0.0062184
22.98 0.0027458
22.99 -0.000752364
23 -0.00425415
23.01 -0.00731906
23.02 -0.0103509
23.03 -0.012544
23.04 -0.0146614
23.05 -0.015811
23.06 -0.0168182
23.07 -0.0169369
23.08 -0.0168886
23.09 -0.0161866
23.1 -0.0153591
23.11 -0.0141909
23.12 -0.013007
23.13 -0.0117917
23.14 -0.0107157
23.15 -0.00984832
23.16 -0.00927881
23.17 -0.00905093
23.18 -0.0092343
23.19 -0.00978046
23.2 -0.0107644
23.21 -0.0120439
23.22 -0.0136792
23.23 -0.0154958
23.24 -0.0174841
23.25 -0.0195366
23.26 -0.0215098
23.27 -0.0234624
23.28 -0.0250746
23.29 -0.026631
23.3 -0.0276397
23.31 -0.0286038
23.32 -0.0289227
23.33 -0.0292035
23.34 -0.0289465
23.35 -0.0286443
23.36 -0.0280145
23.37 -0.0273638
23.38 -0.026622
23.39 -0.025918
23.4 -0.0253261
23.41 -0.024846
23.42 -0.0246059
23.43 -0.0245379
23.44 -0.0247462
23.45 -0.0251423
23.46 -0.0257688
23.47 -0.0265332
23.48 -0.0274277
23.49 -0.0283405
23.5 -0.0292664
23.51 -0.0300371
23.52 -0.0307226
23.53 -0.0310602
23.54 -0.0312565
23.55 -0.0309388
23.56 -0.0304734
23.57 -0.0293999
23.58 -0.0282127
23.59 -0.0264304
23.6 -0.0245877
23.61 -0.0222829
23.62 -0.0199571
23.63 -0.0174264
23.64 -0.014904
23.65 -0.0124534
23.66 -0.0100628
23.67 -0.00796508
23.68 -0.00599857
23.69 -0.00445772
23.7 -0.00311545
23.71 -0.00223386
23.72 -0.0015893
23.73 -0.001354
23.74 -0.00134581
23.75 -0.00163585
23.76 -0.00208625
23.77 -0.00269839
23.78 -0.00335262
23.79 -0.00403946
23.8 -0.00461701
23.81 -0.00513008
23.82 -0.00537722
23.83 -0.00550738
23.84 -0.00524116
23.85 -0.00484981
23.86 -0.00398656
23.87 -0.00302363
23.88 -0.00158851
23.89 -9.57204e-05
23.9 0.00178618
23.91 0.00369065
23.92 0.00581324
23.93 0.00793641
23.94 0.0100655
23.95 0.0121618
23.96 0.0140773
23.97 0.0159034
23.98 0.01741
23.99 0.0187585
24 0.0197089
24.01 0.0204358
24.02 0.0207476
24.03 0.0207905
24.04 0.0204551
24.05 0.0198403
24.06 0.0189242
24.07 0.0177641
24.08 0.0164015
24.09 0.0148802
24.1 0.0132584
24.11 0.0116091
24.12 0.00994662
24.13 0.00841987
24.14 0.00693998
24.15 0.00576848
24.16 0.00466984
24.17 0.00403193
24.18 0.00346016
24.19 0.00344855
24.2 0.00347587
24.21 0.00407376
24.22 0.00470424
24.23 0.00576049
24.24 0.00685255
24.25 0.00817086
24.26 0.00949148
24.27 0.0108212
24.28 0.0120824
24.29 0.0131564
24.3 0.0140649
24.31 0.0146429
24.32 0.0149548
24.33 0.0148658
24.34 0.0144353
24.35 0.0136109
24.36 0.0124239
24.37 0.0109152
24.38 0.00909846
24.39 0.00707256
24.4 0.00487579
24.41 0.00259141
24.42 0.00034271
24.43 -0.00189257
24.44 -0.00384912
24.45 -0.00573255
24.46 -0.00710586
24.47 -0.00839456
24.48 -0.00900748
24.49 -0.00956426
24.5 -0.00939322
24.51 -0.0091811
24.52 -0.00839766
24.53 -0.0075711
24.54 -0.00642816
24.55 -0.00527647
24.56 -0.0040863
24.57 -0.00296476
24.58 -0.00204796
24.59 -0.00130232
24.6 -0.000926108
24.61 -0.00081832
24.62 -0.0011445
24.63 -0.00179613
24.64 -0.00284925
24.65 -0.00421502
24.66 -0.0058773
24.67 -0.00775496
24.68 -0.00978934
24.69 -0.0118638
24.7 -0.0139605
24.71 -0.0158727
24.72 -0.0177095
24.73 -0.0191342
24.74 -0.0204396
24.75 -0.0211548
24.76 -0.0217585
24.77 -0.021691
24.78 -0.0215543
24.79 -0.0207904
24.8 -0.0199918
24.81 -0.0187682
24.82 -0.0175264
24.83 -0.0161262
24.84 -0.0147414
24.85 -0.0134325
24.86 -0.0121952
24.87 -0.0111913
24.88 -0.0103136
24.89 -0.00973043
24.9 -0.00930016
24.91 -0.00913535
24.92 -0.00910172
24.93 -0.00924128
24.94 -0.00943588
24.95 -0.00968629
24.96 -0.00987339
24.97 -0.0100112
24.98 -0.00995408
24.99 -0.00978143
25 -0.00930827
25.01 -0.00870211
25.02 -0.00775366
25.03 -0.00669637
25.04 -0.00534421
25.05 -0.00392919
25.06 -0.0023588
25.07 -0.000769187
25.08 0.000767794
25.09 0.00229653
25.1 0.00355495
25.11 0.00477581
25.12 0.00560017
25.13 0.00635028
25.14 0.00668637
25.15 0.00693068
25.16 0.00684499
25.17 0.00668964
25.18 0.00635791
25.19 0.00602651
25.2 0.00569572
25.21 0.00547368
25.22 0.00540538
25.23 0.00556543
25.24 0.00597303
25.25 0.00670057
25.26 0.0076948
25.27 0.00903197
25.28 0.0105875
25.29 0.0124111
25.3 0.0143629
25.31 0.0164031
25.32 0.018474
25.33 0.0203712
25.34 0.0222269
25.35 0.0236141
25.36 0.0249333
25.37 0.0255252
25.38 0.0260659
25.39 0.0257364
25.4 0.0253506
25.41 0.0242143
25.42 0.0229994
25.43 0.0212823
25.44 0.0195174
25.45 0.0175623
25.46 0.0156478
25.47 0.0138452
25.48 0.0122118
25.49 0.0109188
25.5 0.00992639
25.51 0.00938956
25.52 0.00924
25.53 0.00953944
25.54 0.0102235
25.55 0.0112506
25.56 0.0125435
25.57 0.0140179
25.58 0.0155247
25.59 0.0170482
25.6 0.0182911
25.61 0.0194277
25.62 0.0199552
25.63 0.0203217
25.64 0.0198154
25.65 0.0191629
25.66 0.0175176
25.67 0.0157883
25.68 0.0131457
25.69 0.0104603
25.7 0.007219
25.71 0.00396297
25.72 0.000597171
25.73 -0.00269954
25.74 -0.00569025
25.75 -0.00847723
25.76 -0.0106521
25.77 -0.0124763
25.78 -0.0135389
25.79 -0.0141418
25.8 -0.0139972
25.81 -0.0133698
25.82 -0.0121435
25.83 -0.0105277
25.84 -0.00854052
25.85 -0.00637665
25.86 -0.00408349
25.87 -0.00191617
25.88 0.000181287
25.89 0.00181809
25.9 0.00326545
25.91 0.00395879
25.92 0.00443214
25.93 0.0039722
25.94 0.00333408
25.95 0.00175102
25.96 6.90542e-05
25.97 -0.00238213
25.98 -0.00487144
25.99 -0.00775811
26 -0.0106429
26.01 -0.0135107
26.02 -0.0163086
26.03 -0.0187584
26.04 -0.0210421
26.05 -0.0227788
26.06 -0.0242598
26.07 -0.02514
26.08 -0.0257168
26.09 -0.0257638
26.1 -0.0255263
26.11 -0.0249112
26.12 -0.0241033
26.13 -0.0230988
26.14 -0.0220503
26.15 -0.0209675
26.16 -0.0200138
26.17 -0.0191372
26.18 -0.0185445
26.19 -0.0180781
26.2 -0.0179916
26.21 -0.0180267
26.22 -0.018452
26.23 -0.0189613
26.24 -0.0197802
26.25 -0.0206379
26.26 -0.0216514
26.27 -0.0226718
26.28 -0.0236595
26.29 -0.0246306
26.3 -0.025422
26.31 -0.0261692
26.32 -0.026667
26.33 -0.0270973
26.34 -0.027283
26.35 -0.0273956
26.36 -0.0273219
26.37 -0.0271923
26.38 -0.0269578
26.39 -0.0267026
26.4 -0.0264176
26.41 -0.0261501
26.42 -0.0259016
26.43 -0.0256932
26.44 -0.0255183
26.45 -0.0253745
26.46 -0.0252506
26.47 -0.0251099
26.48 -0.024961
26.49 -0.0247152
26.5 -0.0244355
26.51 -0.0239667
26.52 -0.0234526
26.53 -0.022675
26.54 -0.0218588
26.55 -0.020754
26.56 -0.0196291
26.57 -0.0182641
26.58 -0.0168915
26.59 -0.0154179
26.6 -0.013953
26.61 -0.0125442
26.62 -0.0111839
26.63 -0.0100178
26.64 -0.00895375
26.65 -0.00817241
26.66 -0.00754198
26.67 -0.00721702
26.68 -0.00706531
26.69 -0.00717759
26.7 -0.00744051
26.71 -0.00787903
26.72 -0.00839281
26.73 -0.00897404
26.74 -0.00950951
26.75 -0.0100136
26.76 -0.0103279
26.77 -0.0105438
26.78 -0.0104375
26.79 -0.0102084
26.8 -0.00957393
26.81 -0.00883141
26.82 -0.00768168
26.83 -0.00646293
26.84 -0.00493251
26.85 -0.00337521
26.86 -0.0016934
26.87 -1.60065e-05
26.88 0.00154834
26.89 0.0030717
26.9 0.00428652
26.91 0.00540635
26.92 0.00610158
26.93 0.00664854
26.94 0.00674685
26.95 0.00666677
26.96 0.00619688
26.97 0.00555942
26.98 0.00464797
26.99 0.00362767
27 0.00247166
27.01 0.0013066
27.02 0.000132887
27.03 -0.000928876
27.04 -0.00190828
27.05 -0.00266175
27.06 -0.00328907
27.07 -0.00361259
27.08 -0.00381037
27.09 -0.00368458
27.1 -0.00346366
27.11 -0.00296575
27.12 -0.00241444
27.13 -0.00169064
27.14 -0.000948502
27.15 -0.00017257
27.16 0.000600846
27.17 0.0012756
27.18 0.00193097
27.19 0.00241294
27.2 0.00285795
27.21 0.00311745
27.22 0.00333226
27.23 0.00339887
27.24 0.00342981
27.25 0.00337639
27.26 0.00331223
27.27 0.00322921
27.28 0.00316758
27.29 0.00313452
27.3 0.00314833
27.31 0.00321018
27.32 0.00332363
27.33 0.0034777
27.34 0.00365857
27.35 0.00385551
27.36 0.00402588
27.37 0.00418434
27.38 0.00424669
27.39 0.00427802
27.4 0.00414939
27.41 0.00398603
27.42 0.00363061
27.43 0.00325077
27.44 0.00270127
27.45 0.0021419
27.46 0.00150439
27.47 0.000872188
27.48 0.000298006
27.49 -0.000242942
27.5 -0.000594681
27.51 -0.000868441
27.52 -0.000857412
27.53 -0.000720054
27.54 -0.000258668
27.55 0.000361952
27.56 0.00128347
27.57 0.00236224
27.58 0.00366579
27.59 0.00507623
27.6 0.00660378
27.61 0.00813738
27.62 0.00967608
27.63 0.0110816
27.64 0.0124015
27.65 0.013436
27.66 0.0143326
27.67 0.0148128
27.68 0.0151464
27.69 0.0149888
27.7 0.0147121
27.71 0.0139525
27.72 0.0131209
27.73 0.0119091
27.74 0.0106709
27.75 0.00924166
27.76 0.00781576
27.77 0.00643687
27.78 0.00509453
27.79 0.00399117
27.8 0.00297596
27.81 0.00231723
27.82 0.00179835
27.83 0.00166976
27.84 0.00171289
27.85 0.00210569
27.86 0.00266671
27.87 0.00348549
27.88 0.00442742
27.89 0.00551366
27.9 0.00664185
27.91 0.00780785
27.92 0.00891464
27.93 0.00998054
27.94 0.0108889
27.95 0.011715
27.96 0.0123116
27.97 0.0128199
27.98 0.0130704
27.99 0.0132515
28 0.0131968
28.01 0.0131016
28.02 0.0128364
28.03 0.0125563
28.04 0.0121969
28.05 0.0118368
28.06 0.0114863
28.07 0.0111433
28.08 0.0108579
28.09 0.0105858
28.1 0.010374
28.11 0.0101711
28.12 0.00999594
28.13 0.00981046
28.14 0.0096024
28.15 0.00935108
28.16 0.00902863
28.17 0.00862429
28.18 0.00811732
28.19 0.00749701
28.2 0.00676747
28.21 0.00591409
28.22 0.0049691
28.23 0.00392126
28.24 0.00281567
28.25 0.00166321
28.26 0.000491229
28.27 -0.000642268
28.28 -0.00176437
28.29 -0.00274774
28.3 -0.0037041
28.31 -0.00442707
28.32 -0.00512484
28.33 -0.00552213
28.34 -0.00589905
28.35 -0.00597513
28.36 -0.00602525
28.37 -0.00583977
28.38 -0.00562614
28.39 -0.00526985
28.4 -0.00490067
28.41 -0.00448844
28.42 -0.00409475
28.43 -0.00374518
28.44 -0.00345535
28.45 -0.00327109
28.46 -0.00318788
28.47 -0.00324029
28.48 -0.00342486
28.49 -0.00374558
28.5 -0.00421114
28.51 -0.00479137
28.52 -0.00550664
28.53 -0.0063034
28.54 -0.00720382
28.55 -0.00815098
28.56 -0.00915423
28.57 -0.0101757
28.58 -0.0111976
28.59 -0.0122196
28.6 -0.013187
28.61 -0.0141473
28.62 -0.0150059
28.63 -0.0158569
28.64 -0.0165756
28.65 -0.0172821
28.66 -0.0178539
28.67 -0.0184038
28.68 -0.018828
28.69 -0.019222
28.7 -0.0195051
28.71 -0.0197517
28.72 -0.0199043
28.73 -0.0200165
28.74 -0.020052
28.75 -0.0200457
28.76 -0.0199795
28.77 -0.0198735
28.78 -0.0197237
28.79 -0.0195399
28.8 -0.0193271
28.81 -0.0190892
28.82 -0.018835
28.83 -0.0185664
28.84 -0.0182907
28.85 -0.0180099
28.86 -0.0177273
28.87 -0.0174437
28.88 -0.0171597
28.89 -0.0168697
28.9 -0.0165787
28.91 -0.0162659
28.92 -0.0159516
28.93 -0.0155906
28.94 -0.0152249
28.95 -0.0147938
28.96 -0.0143514
28.97 -0.0138351
28.98 -0.0133023
28.99 -0.0127025
29 -0.012087
29.01 -0.0114274
29.02 -0.0107635
29.03 -0.0100908
29.04 -0.00943791
29.05 -0.00881575
29.06 -0.00824874
29.07 -0.00774671
29.08 -0.00733905
29.09 -0.00701688
29.1 -0.00682049
29.11 -0.00671142
29.12 -0.00673751
29.13 -0.00683455
29.14 -0.00704118
29.15 -0.00729014
29.16 -0.0075809
29.17 -0.00788299
29.18 -0.00811941
29.19 -0.00834447
29.2 -0.00837123
29.21 -0.00838028
29.22 -0.00805933
29.23 -0.00771288
29.24 -0.0069795
29.25 -0.00619943
29.26 -0.0050588
29.27 -0.00385961
29.28 -0.00239401
29.29 -0.000888193
29.3 0.000741077
29.31 0.00235268
29.32 0.00392519
29.33 0.00538375
29.34 0.00665387
29.35 0.00768933
29.36 0.00842899
29.37 0.00881462
29.38 0.00885729
29.39 0.00846112
29.4 0.0077386
29.41 0.00656038
29.42 0.00512479
29.43 0.00330949
29.44 0.001335
29.45 -0.000841956
29.46 -0.00307933
29.47 -0.00525401
29.48 -0.00741637
29.49 -0.00919892
29.5 -0.0109399
29.51 -0.0119863
29.52 -0.0129793
29.53 -0.013088
29.54 -0.0131016
29.55 -0.012239
29.56 -0.0112332
29.57 -0.00949415
29.58 -0.0076083
29.59 -0.00522815
29.6 -0.00275927
29.61 -7.78862e-05
29.62 0.00257148
29.63 0.00516396
29.64 0.00755819
29.65 0.00968494
29.66 0.0114346
29.67 0.0127937
29.68 0.0136262
29.69 0.0140395
29.7 0.0138478
29.71 0.013289
29.72 0.0121489
29.73 0.010745
29.74 0.00889794
29.75 0.00690579
29.76 0.00471094
29.77 0.00247128
29.78 0.000336596
29.79 -0.00178438
29.8 -0.00347888
29.81 -0.00514018
29.82 -0.00612257
29.83 -0.00703962
29.84 -0.00721725
29.85 -0.00728033
29.86 -0.00667737
29.87 -0.00594104
29.88 -0.00470985
29.89 -0.00337294
29.9 -0.00176124
29.91 -0.000120153
29.92 0.00157713
29.93 0.00319177
29.94 0.004687
29.95 0.00597754
29.96 0.0070414
29.97 0.00780092
29.98 0.00830124
29.99 0.00845117
30 0.00837291
30.01 0.00797378
30.02 0.00741746
30.03 0.00665165
30.04 0.00581098
30.05 0.00494148
30.06 0.00406488
30.07 0.00337877
30.08 0.00272169
30.09 0.00246966
30.1 0.00224654
30.11 0.00259006
30.12 0.0029725
30.13 0.00391063
30.14 0.00491482
30.15 0.00636091
30.16 0.00787012
30.17 0.00963896
30.18 0.011426
30.19 0.0132644
30.2 0.0150348
30.21 0.0166651
30.22 0.018114
30.23 0.0192819
30.24 0.0201529
30.25 0.0206723
30.26 0.0208083
30.27 0.0205951
30.28 0.0199708
30.29 0.0190594
30.3 0.0177892
30.31 0.0163293
30.32 0.0146487
30.33 0.0128823
30.34 0.0111059
30.35 0.0093269
30.36 0.00778971
30.37 0.00629483
30.38 0.00528725
30.39 0.00432397
30.4 0.00403344
30.41 0.00378921
30.42 0.00422502
30.43 0.00472992
30.44 0.00577555
30.45 0.00689017
30.46 0.00832156
30.47 0.00977188
30.48 0.0112808
30.49 0.0127082
30.5 0.0139542
30.51 0.0149842
30.52 0.0156551
30.53 0.0159724
30.54 0.0158417
30.55 0.0152566
30.56 0.0142291
30.57 0.0127225
30.58 0.0108577
30.59 0.00859335
30.6 0.00610204
30.61 0.00340298
30.62 0.00061625
30.63 -0.00209266
30.64 -0.00477817
30.65 -0.0070514
30.66 -0.0092428
30.67 -0.0107039
30.68 -0.0120839
30.69 -0.0125059
30.7 -0.0128626
30.71 -0.0122523
30.72 -0.0115626
30.73 -0.0101302
30.74 -0.00861811
30.75 -0.00669426
30.76 -0.0047558
30.77 -0.00276783
30.78 -0.000891536
30.79 0.000715628
30.8 0.00205114
30.81 0.0029012
30.82 0.00333204
30.83 0.00319416
30.84 0.00255603
30.85 0.00139702
30.86 -0.000229
30.87 -0.00222877
30.88 -0.00452159
30.89 -0.00699325
30.9 -0.00944978
30.91 -0.0118994
30.92 -0.0139354
30.93 -0.0158351
30.94 -0.0169096
30.95 -0.0178001
30.96 -0.017537
30.97 -0.0171214
30.98 -0.0154029
30.99 -0.013597
31 -0.0106221
31.01 -0.00758597
31.02 -0.00384404
31.03 -7.50454e-05
31.04 0.003853
31.05 0.00768547
31.06 0.0111605
31.07 0.0143505
31.08 0.0167946
31.09 0.0187478
31.1 0.0197567
31.11 0.0201202
31.12 0.0195457
31.13 0.0182899
31.14 0.0162757
31.15 0.0137101
31.16 0.0106724
31.17 0.00738776
31.18 0.00394145
31.19 0.000690182
31.2 -0.00246495
31.21 -0.00492751
31.22 -0.00714088
31.23 -0.00822071
31.24 -0.00901881
31.25 -0.00841735
31.26 -0.00760025
31.27 -0.00538851
31.28 -0.0030751
31.29 0.000310558
31.3 0.00372574
31.31 0.0075407
31.32 0.0113137
31.33 0.0148029
31.34 0.0180905
31.35 0.0205422
31.36 0.0225865
31.37 0.0234701
31.38 0.0237646
31.39 0.0228377
31.4 0.0212415
31.41 0.0186024
31.42 0.0153761
31.43 0.0114505
31.44 0.00720576
31.45 0.00266871
31.46 -0.00175973
31.47 -0.00611194
31.48 -0.00984424
31.49 -0.0132473
31.5 -0.015549
31.51 -0.0174195
31.52 -0.0178624
31.53 -0.0179126
31.54 -0.0164714
31.55 -0.0147667
31.56 -0.0118286
31.57 -0.00877642
31.58 -0.00506048
31.59 -0.00133748
31.6 0.00226478
31.61 0.00576568
31.62 0.00846282
31.63 0.0108926
31.64 0.0120838
31.65 0.0128347
31.66 0.0122148
31.67 0.0110516
31.68 0.00867119
31.69 0.00578019
31.7 0.00203525
31.71 -0.00201811
31.72 -0.00646441
31.73 -0.0108609
31.74 -0.0152087
31.75 -0.0190553
31.76 -0.0225249
31.77 -0.0250493
31.78 -0.0270335
31.79 -0.0277515
31.8 -0.027932
31.81 -0.026751
31.82 -0.0251576
31.83 -0.0223928
31.84 -0.0193933
31.85 -0.0156955
31.86 -0.0119189
31.87 -0.0081287
31.88 -0.00435978
31.89 -0.00130045
31.9 0.00163379
31.91 0.00337995
31.92 0.00486549
31.93 0.00499107
31.94 0.00475469
31.95 0.00328129
31.96 0.00144008
31.97 -0.0012933
31.98 -0.00426898
31.99 -0.00768017
32 -0.01108
32.01 -0.0144643
32.02 -0.0175006
32.03 -0.0201727
32.04 -0.0221554
32.05 -0.0235835
32.06 -0.024068
32.07 -0.0239735
32.08 -0.0228501
32.09 -0.0212541
32.1 -0.0187602
32.11 -0.0159682
32.12 -0.0126233
32.13 -0.00915388
32.14 -0.00563368
32.15 -0.00210667
32.16 0.000912962
32.17 0.00389166
32.18 0.00589868
32.19 0.00781101
32.2 0.00861245
32.21 0.009246
32.22 0.0088823
32.23 0.00833321
32.24 0.0070852
32.25 0.00571807
32.26 0.00403726
32.27 0.00238631
32.28 0.000793131
32.29 -0.000570338
32.3 -0.00159815
32.31 -0.0022
32.32 -0.00232507
32.33 -0.00189354
32.34 -0.000982883
32.35 0.000498225
32.36 0.00235497
32.37 0.00465499
32.38 0.00717481
32.39 0.00988199
32.4 0.012657
32.41 0.0152833
32.42 0.0178723
32.43 0.0199705
32.44 0.0219923
32.45 0.0232579
32.46 0.0244672
32.47 0.0247998
32.48 0.0250817
32.49 0.0246421
32.5 0.0241366
32.51 0.023179
32.52 0.0221837
32.53 0.0210306
32.54 0.0199082
32.55 0.0188736
32.56 0.0179521
32.57 0.0172664
32.58 0.016754
32.59 0.0165131
32.6 0.0164487
32.61 0.0165957
32.62 0.0168461
32.63 0.0171917
32.64 0.017495
32.65 0.0177684
32.66 0.0178112
32.67 0.0177309
32.68 0.0172393
32.69 0.0165858
32.7 0.0154057
32.71 0.0140797
32.72 0.0122265
32.73 0.010279
32.74 0.00794264
32.75 0.00556967
32.76 0.00307511
32.77 0.00058784
32.78 -0.00169118
32.79 -0.003912
32.8 -0.00566515
32.81 -0.00728959
32.82 -0.00831234
32.83 -0.00914535
32.84 -0.00938328
32.85 -0.00941372
32.86 -0.0089765
32.87 -0.00838137
32.88 -0.00752064
32.89 -0.00662322
32.9 -0.0056788
32.91 -0.00487072
32.92 -0.00419683
32.93 -0.00384261
32.94 -0.00373003
32.95 -0.00407713
32.96 -0.00468837
32.97 -0.00580423
32.98 -0.00713572
32.99 -0.00888715
33 -0.0107667
33.01 -0.0128466
33.02 -0.0149669
33.03 -0.0169621
33.04 -0.0189429
33.05 -0.0204279
33.06 -0.0218708
33.07 -0.0225276
33.08 -0.0230941
33.09 -0.022789
33.1 -0.0223333
33.11 -0.0210842
33.12 -0.0196641
33.13 -0.0176551
33.14 -0.0155153
33.15 -0.0130566
33.16 -0.0105705
33.17 -0.00803503
33.18 -0.00561913
33.19 -0.00336722
33.2 -0.00138873
33.21 0.000302025
33.22 0.00160276
33.23 0.00258799
33.24 0.00314303
33.25 0.00343255
33.26 0.00335009
33.27 0.00309571
33.28 0.00262266
33.29 0.00207651
33.3 0.00152996
33.31 0.000983317
33.32 0.000668284
33.33 0.000384666
33.34 0.000518095
33.35 0.000681064
33.36 0.00133439
33.37 0.00202022
33.38 0.00309448
33.39 0.00420253
33.4 0.00551341
33.41 0.00682189
33.42 0.00812123
33.43 0.00934799
33.44 0.0103823
33.45 0.0112587
33.46 0.0118278
33.47 0.0121671
33.48 0.0121689
33.49 0.0119128
33.5 0.0113664
33.51 0.0105985
33.52 0.00963887
33.53 0.00856315
33.54 0.00741054
33.55 0.00630019
33.56 0.00521094
33.57 0.00434113
33.58 0.00355138
33.59 0.00313241
33.6 0.00280715
33.61 0.00293451
33.62 0.00313321
33.63 0.00376639
33.64 0.00443259
33.65 0.00540758
33.66 0.00638958
33.67 0.00745605
33.68 0.00850446
33.69 0.00942766
33.7 0.0102864
33.71 0.0108729
33.72 0.0113444
33.73 0.0114834
33.74 0.0114764
33.75 0.011163
33.76 0.0107131
33.77 0.0100481
33.78 0.00930582
33.79 0.00847069
33.8 0.00766155
33.81 0.00687646
33.82 0.00624188
33.83 0.00571411
33.84 0.00544868
33.85 0.00532422
33.86 0.00552408
33.87 0.00585257
33.88 0.00648769
33.89 0.00720851
33.9 0.00812575
33.91 0.00907843
33.92 0.0100348
33.93 0.0109915
33.94 0.01171
33.95 0.0124032
33.96 0.0126589
33.97 0.0128498
33.98 0.0125139
33.99 0.0120705
34 0.0111203
34.01 0.0100458
34.02 0.00857843
34.03 0.00701443
34.04 0.00523122
34.05 0.00343039
34.06 0.00159975
34.07 -0.000127151
34.08 -0.00172045
34.09 -0.00307059
34.1 -0.00418013
34.11 -0.00492368
34.12 -0.00538908
34.13 -0.0054191
34.14 -0.0051975
34.15 -0.00455416
34.16 -0.00372945
34.17 -0.00259336
34.18 -0.00136153
34.19 -1.78323e-05
34.2 0.00134871
34.21 0.00256805
34.22 0.0037703
34.23 0.00455419
34.24 0.00530434
34.25 0.00544345
34.26 0.00551707
34.27 0.00494903
34.28 0.00427714
34.29 0.00305252
34.3 0.00171989
34.31 1.24814e-05
34.32 -0.00175659
34.33 -0.00367718
34.34 -0.00555916
34.35 -0.00737092
34.36 -0.00900138
34.37 -0.0103819
34.38 -0.0114212
34.39 -0.0120995
34.4 -0.012294
34.41 -0.0120949
34.42 -0.0113232
34.43 -0.0101961
34.44 -0.00849313
34.45 -0.00652238
34.46 -0.00407736
34.47 -0.00147266
34.48 0.00139818
34.49 0.00432996
34.5 0.00723118
34.51 0.0101282
34.52 0.012646
34.53 0.0151341
34.54 0.0169083
34.55 0.0186104
34.56 0.0194348
34.57 0.0201104
34.58 0.0198822
34.59 0.019444
34.6 0.0182017
34.61 0.0167313
34.62 0.0146523
34.63 0.0123899
34.64 0.00976843
34.65 0.00707805
34.66 0.00428586
34.67 0.00160045
34.68 -0.000964169
34.69 -0.00321023
34.7 -0.00517913
34.71 -0.00661996
34.72 -0.00770918
34.73 -0.00810874
34.74 -0.0081622
34.75 -0.00745663
34.76 -0.00647233
34.77 -0.00478527
34.78 -0.00291917
34.79 -0.000545905
34.8 0.0019082
34.81 0.0045468
34.82 0.0071997
34.83 0.00962713
34.84 0.0120163
34.85 0.0138201
34.86 0.0155087
34.87 0.0163896
34.88 0.0170652
34.89 0.0168676
34.9 0.0163987
34.91 0.0151406
34.92 0.013603
34.93 0.011475
34.94 0.0091397
34.95 0.00647573
34.96 0.00375997
34.97 0.00098152
34.98 -0.00162955
34.99 -0.00408488
35 -0.00613123
35.01 -0.00788574
35.02 -0.0090222
35.03 -0.00982461
35.04 -0.00988929
35.05 -0.00965947
35.06 -0.00870638
35.07 -0.00754958
35.08 -0.00583777
35.09 -0.00402478
35.1 -0.00196518
35.11 0.000118412
35.12 0.00204865
35.13 0.00395211
35.14 0.00533359
35.15 0.00662659
35.16 0.00718879
35.17 0.00759024
35.18 0.0072262
35.19 0.00666014
35.2 0.00545119
35.21 0.00406223
35.22 0.00226238
35.23 0.000383283
35.24 -0.00163063
35.25 -0.00355269
35.26 -0.0053558
35.27 -0.00685892
35.28 -0.00806362
35.29 -0.00877525
35.3 -0.00911011
35.31 -0.00883262
35.32 -0.00819921
35.33 -0.00695798
35.34 -0.00545373
35.35 -0.00349627
35.36 -0.00139843
35.37 0.000856004
35.38 0.00314273
35.39 0.00519282
35.4 0.00721504
35.41 0.00858724
35.42 0.00990763
35.43 0.010287
35.44 0.0105686
35.45 0.00987609
35.46 0.00903119
35.47 0.00736695
35.48 0.00555091
35.49 0.00320413
35.5 0.000782757
35.51 -0.00182309
35.52 -0.00435224
35.53 -0.00674109
35.54 -0.00885617
35.55 -0.0105917
35.56 -0.0118595
35.57 -0.0126298
35.58 -0.0127992
35.59 -0.012477
35.6 -0.0115321
35.61 -0.0101985
35.62 -0.00836098
35.63 -0.00628767
35.64 -0.00396655
35.65 -0.00156141
35.66 0.000737264
35.67 0.00301134
35.68 0.00479529
35.69 0.00651107
35.7 0.00740832
35.71 0.00824749
35.72 0.00809419
35.73 0.0078709
35.74 0.00677902
35.75 0.00558948
35.76 0.00380063
35.77 0.00194388
35.78 -0.000175068
35.79 -0.00227097
35.8 -0.00430495
35.81 -0.0061828
35.82 -0.00775316
35.83 -0.00902938
35.84 -0.00986861
35.85 -0.0103159
35.86 -0.0103174
35.87 -0.00990912
35.88 -0.00914243
35.89 -0.00804987
35.9 -0.00673912
35.91 -0.00528331
35.92 -0.00375426
35.93 -0.00232492
35.94 -0.000932451
35.95 0.000106626
35.96 0.00105493
35.97 0.00145184
35.98 0.00175986
35.99 0.00143204
36 0.00105395
36.01 0.000104389
36.02 -0.000869118
36.03 -0.00216041
36.04 -0.00345476
36.05 -0.00477082
36.06 -0.00603161
36.07 -0.00705516
36.08 -0.00793983
36.09 -0.00841769
36.1 -0.00867762
36.11 -0.00847458
36.12 -0.00801303
36.13 -0.00713959
36.14 -0.0060325
36.15 -0.00464115
36.16 -0.00311678
36.17 -0.001468
36.18 0.000148919
36.19 0.00174298
36.2 0.00310897
36.21 0.00435096
36.22 0.00518471
36.23 0.00585442
36.24 0.00600214
36.25 0.00600171
36.26 0.00547199
36.27 0.00484479
36.28 0.0038054
36.29 0.00272525
36.3 0.0014633
36.31 0.000201605
36.32 -0.000947874
36.33 -0.00205524
36.34 -0.00280988
36.35 -0.00346265
36.36 -0.00362582
36.37 -0.00362984
36.38 -0.00312371
36.39 -0.00243078
36.4 -0.00130883
36.41 -2.26296e-05
36.42 0.00154459
36.43 0.00319645
36.44 0.00495849
36.45 0.00667847
36.46 0.00835639
36.47 0.00984373
36.48 0.0111846
36.49 0.012199
36.5 0.0130224
36.51 0.0134302
36.52 0.0136571
36.53 0.0134517
36.54 0.0131113
36.55 0.0124024
36.56 0.0116168
36.57 0.0105957
36.58 0.0095465
36.59 0.00843507
36.6 0.00732362
36.61 0.00631798
36.62 0.00533246
36.63 0.00455039
36.64 0.00380925
36.65 0.00329042
36.66 0.0028222
36.67 0.0025323
36.68 0.00228219
36.69 0.00213113
36.7 0.00198809
36.71 0.00185983
36.72 0.00169588
36.73 0.00148219
36.74 0.00119299
36.75 0.000823067
36.76 0.000359368
36.77 -0.000181423
36.78 -0.000799236
36.79 -0.0014654
36.8 -0.00215255
36.81 -0.00284959
36.82 -0.00347986
36.83 -0.00408734
36.84 -0.00452713
36.85 -0.00492784
36.86 -0.00507215
36.87 -0.00518037
36.88 -0.00498157
36.89 -0.00476161
36.9 -0.00424578
36.91 -0.00371425
36.92 -0.00298407
36.93 -0.00224118
36.94 -0.00141932
36.95 -0.00060652
36.96 0.000170985
36.97 0.000903668
36.98 0.0015151
36.99 0.0020428
37 0.00240465
37.01 0.00265429
37.02 0.00273634
37.03 0.00270023
37.04 0.00252904
37.05 0.00226304
37.06 0.00191368
37.07 0.00152123
37.08 0.00109979
37.09 0.00070658
37.1 0.000327708
37.11 5.3392e-05
37.12 -0.000182008
37.13 -0.000248179
37.14 -0.000270526
37.15 -8.50956e-05
37.16 0.000134199
37.17 0.000564982
37.18 0.00101281
37.19 0.00163994
37.2 0.002275
37.21 0.00301497
37.22 0.00375902
37.23 0.00453232
37.24 0.00529802
37.25 0.00603075
37.26 0.00673754
37.27 0.00736779
37.28 0.00795039
37.29 0.00843114
37.3 0.00884168
37.31 0.0091397
37.32 0.00934528
37.33 0.00943779
37.34 0.00941654
37.35 0.00928834
37.36 0.00902737
37.37 0.00867063
37.38 0.00816798
37.39 0.00758554
37.4 0.00685655
37.41 0.00606829
37.42 0.0051543
37.43 0.00420434
37.44 0.00317999
37.45 0.00214179
37.46 0.0011165
37.47 9.2508e-05
37.48 -0.000797354
37.49 -0.00167308
37.5 -0.00229326
37.51 -0.00287371
37.52 -0.00311672
37.53 -0.00328349
37.54 -0.00308039
37.55 -0.0027706
37.56 -0.00211627
37.57 -0.00134728
37.58 -0.000313281
37.59 0.000805954
37.6 0.00207186
37.61 0.00334815
37.62 0.00463805
37.63 0.00582151
37.64 0.00689797
37.65 0.00772638
37.66 0.00836318
37.67 0.00861514
37.68 0.00864085
37.69 0.00818679
37.7 0.00752249
37.71 0.00636141
37.72 0.00504418
37.73 0.00331635
37.74 0.00150228
37.75 -0.000527399
37.76 -0.00258319
37.77 -0.00457034
37.78 -0.00654549
37.79 -0.00814133
37.8 -0.00967968
37.81 -0.0106268
37.82 -0.0114505
37.83 -0.0115966
37.84 -0.0115646
37.85 -0.0108999
37.86 -0.0100438
37.87 -0.00870854
37.88 -0.00723289
37.89 -0.0054975
37.9 -0.0037428
37.91 -0.00196105
37.92 -0.000336529
37.93 0.00111898
37.94 0.00222024
37.95 0.00302871
37.96 0.00331429
37.97 0.00326981
37.98 0.00261392
37.99 0.00166845
38 0.00014465
38.01 -0.00157799
38.02 -0.00370544
38.03 -0.00592805
38.04 -0.00825346
38.05 -0.0105935
38.06 -0.0126501
38.07 -0.0146844
38.08 -0.0160433
38.09 -0.0173341
38.1 -0.0177454
38.11 -0.0180117
38.12 -0.0173679
38.13 -0.0165248
38.14 -0.0148991
38.15 -0.013074
38.16 -0.010706
38.17 -0.00821111
38.18 -0.0054631
38.19 -0.00273015
38.2 -1.9825e-05
38.21 0.00248813
38.22 0.00476346
38.23 0.00664538
38.24 0.0081795
38.25 0.00917439
38.26 0.00980426
38.27 0.00983837
38.28 0.00956813
38.29 0.00876202
38.3 0.00775513
38.31 0.0063905
38.32 0.00493249
38.33 0.00338694
38.34 0.00182697
38.35 0.000491682
38.36 -0.000825141
38.37 -0.00162669
38.38 -0.00238513
38.39 -0.00249799
38.4 -0.00252534
38.41 -0.00193002
38.42 -0.0012229
38.43 -2.74262e-05
38.44 0.00126604
38.45 0.00285062
38.46 0.00447412
38.47 0.00618134
38.48 0.00783319
38.49 0.00939585
38.5 0.0107962
38.51 0.0119968
38.52 0.0129439
38.53 0.0136512
38.54 0.0140557
38.55 0.0142405
38.56 0.0141313
38.57 0.0138604
38.58 0.0133633
38.59 0.0127741
38.6 0.0120707
38.61 0.0113343
38.62 0.0106119
38.63 0.0098921
38.64 0.00929799
38.65 0.0087167
38.66 0.0083269
38.67 0.00794962
38.68 0.00775178
38.69 0.00756637
38.7 0.00748806
38.71 0.00741309
38.72 0.00735449
38.73 0.00727643
38.74 0.00713508
38.75 0.00694575
38.76 0.00664485
38.77 0.00627401
38.78 0.00578215
38.79 0.00521674
38.8 0.00455456
38.81 0.00384008
38.82 0.00307273
38.83 0.00229701
38.84 0.00151478
38.85 0.000779319
38.86 7.15191e-05
38.87 -0.000541331
38.88 -0.00111231
38.89 -0.00156708
38.9 -0.00198506
38.91 -0.00230777
38.92 -0.00261029
38.93 -0.00288559
38.94 -0.00315755
38.95 -0.00350849
38.96 -0.00386731
38.97 -0.00441821
38.98 -0.00499363
38.99 -0.00582538
39 -0.00670465
39.01 -0.00784735
39.02 -0.00904952
39.03 -0.0104645
39.04 -0.0119263
39.05 -0.0135062
39.06 -0.0150874
39.07 -0.016671
39.08 -0.0181783
39.09 -0.0195781
39.1 -0.0208029
39.11 -0.0218388
39.12 -0.0226001
39.13 -0.0231334
39.14 -0.0233161
39.15 -0.0232763
39.16 -0.0228565
39.17 -0.0222555
39.18 -0.0213067
39.19 -0.0202375
39.2 -0.0189171
39.21 -0.0175372
39.22 -0.0160556
39.23 -0.0145594
39.24 -0.0131388
39.25 -0.0117245
39.26 -0.0105562
39.27 -0.00941313
39.28 -0.00860249
39.29 -0.00784595
39.3 -0.00743274
39.31 -0.0070934
39.32 -0.00704649
39.33 -0.00707355
39.34 -0.00730346
39.35 -0.00758366
39.36 -0.00796468
39.37 -0.00835192
39.38 -0.00874854
39.39 -0.00909667
39.4 -0.00938876
39.41 -0.00958008
39.42 -0.00968184
39.43 -0.00964539
39.44 -0.00951488
39.45 -0.00923173
39.46 -0.00887015
39.47 -0.00836609
39.48 -0.00780828
39.49 -0.00713746
39.5 -0.00643688
39.51 -0.00566184
39.52 -0.00487439
39.53 -0.0040483
39.54 -0.00321898
39.55 -0.00237478
39.56 -0.00153005
39.57 -0.000679175
39.58 0.000172849
39.59 0.00103338
39.6 0.00189648
39.61 0.0027709
39.62 0.00364727
39.63 0.00452947
39.64 0.00540626
39.65 0.00627133
39.66 0.00711208
39.67 0.00791344
39.68 0.00865769
39.69 0.00933133
39.7 0.00990319
39.71 0.0103783
39.72 0.0107025
39.73 0.0109166
39.74 0.0109378
39.75 0.0108522
39.76 0.0105528
39.77 0.0101659
39.78 0.00957741
39.79 0.00893045
39.8 0.00813457
39.81 0.00731043
39.82 0.00642881
39.83 0.00554123
39.84 0.00471571
39.85 0.00389882
39.86 0.0032588
39.87 0.00264705
39.88 0.00228228
39.89 0.00197173
39.9 0.0019292
39.91 0.00196054
39.92 0.00223392
39.93 0.00258418
39.94 0.00311438
39.95 0.00370102
39.96 0.00438592
39.97 0.00508224
39.98 0.00579369
39.99 0.00645229
40 0.00705719
40.01 0.00753664
40.02 0.00791815
40.03 0.00810761
40.04 0.00818289
40.05 0.0080201
40.06 0.00775168
40.07 0.00723135
40.08 0.0066307
40.09 0.00580263
40.1 0.00492589
40.11 0.00388389
40.12 0.00282132
40.13 0.00168608
40.14 0.00054816
40.15 -0.000553226
40.16 -0.00164259
40.17 -0.0026041
40.18 -0.00353223
40.19 -0.00427336
40.2 -0.0049555
40.21 -0.00542484
40.22 -0.00581181
40.23 -0.0059897
40.24 -0.00606995
40.25 -0.00596744
40.26 -0.00576464
40.27 -0.00541975
40.28 -0.00498723
40.29 -0.00445949
40.3 -0.0038728
40.31 -0.00323686
40.32 -0.00258545
40.33 -0.00192417
40.34 -0.00130237
40.35 -0.000699506
40.36 -0.000196973
40.37 0.000270582
40.38 0.000578946
40.39 0.000849248
40.4 0.00091335
40.41 0.000947345
40.42 0.000750915
40.43 0.000538476
40.44 0.000106155
40.45 -0.000337305
40.46 -0.000930482
40.47 -0.00153314
40.48 -0.00219664
40.49 -0.00285186
40.5 -0.00347406
40.51 -0.00405383
40.52 -0.00451648
40.53 -0.00489068
40.54 -0.00508647
40.55 -0.00514526
40.56 -0.00499597
40.57 -0.00467141
40.58 -0.00414322
40.59 -0.00342558
40.6 -0.00253864
40.61 -0.0014834
40.62 -0.00031297
40.63 0.000963822
40.64 0.0022956
40.65 0.00363407
40.66 0.0049751
40.67 0.00619796
40.68 0.00738947
40.69 0.00833345
40.7 0.00923575
40.71 0.00978215
40.72 0.0102982
40.73 0.0103961
40.74 0.0104677
40.75 0.0101655
40.76 0.0098275
40.77 0.00922173
40.78 0.00858539
40.79 0.00781309
40.8 0.00703892
40.81 0.00625913
40.82 0.00552516
40.83 0.00489096
40.84 0.00435796
40.85 0.00398988
40.86 0.00377069
40.87 0.00373654
40.88 0.00387573
40.89 0.00418053
40.9 0.00464863
40.91 0.00523648
40.92 0.00593956
40.93 0.00670675
40.94 0.00750886
40.95 0.00832538
40.96 0.00907873
40.97 0.00981359
40.98 0.0103894
40.99 0.0109348
41 0.0112484
41.01 0.0115375
41.02 0.0115615
41.03 0.0115687
41.04 0.0113418
41.05 0.0110972
41.06 0.0106942
41.07 0.010276
41.08 0.00978143
41.09 0.00928459
41.1 0.00878032
41.11 0.00829159
41.12 0.00783947
41.13 0.00741733
41.14 0.00704769
41.15 0.00671182
41.16 0.00642088
41.17 0.0061532
41.18 0.00590927
41.19 0.00566564
41.2 0.00542225
41.21 0.00515115
41.22 0.00486349
41.23 0.00452614
41.24 0.0041666
41.25 0.00375277
41.26 0.00332151
41.27 0.00285659
41.28 0.00238441
41.29 0.00192535
41.3 0.00146795
41.31 0.00108907
41.32 0.000716782
41.33 0.000486223
41.34 0.000271228
41.35 0.00022454
41.36 0.000206006
41.37 0.000346771
41.38 0.000519881
41.39 0.000810568
41.4 0.00112246
41.41 0.00148853
41.42 0.00184658
41.43 0.00218953
41.44 0.00248044
41.45 0.00269719
41.46 0.00281253
41.47 0.0028171
41.48 0.00267923
41.49 0.00242173
41.5 0.0020037
41.51 0.00148262
41.52 0.00081697
41.53 8.15841e-05
41.54 -0.000744326
41.55 -0.00160201
41.56 -0.00246341
41.57 -0.0033257
41.58 -0.00408662
41.59 -0.00483256
41.6 -0.00537485
41.61 -0.00590274
41.62 -0.00615168
41.63 -0.00638077
41.64 -0.00633744
41.65 -0.00626008
41.66 -0.00596181
41.67 -0.00562826
41.68 -0.00515275
41.69 -0.00465698
41.7 -0.00410488
41.71 -0.00356137
41.72 -0.00303529
41.73 -0.00255303
41.74 -0.00213769
41.75 -0.00179763
41.76 -0.00154553
41.77 -0.00138704
41.78 -0.00131264
41.79 -0.00133168
41.8 -0.00141502
41.81 -0.00157388
41.82 -0.001772
41.83 -0.00201717
41.84 -0.00228031
41.85 -0.00256297
41.86 -0.00285084
41.87 -0.00314385
41.88 -0.00343772
41.89 -0.00374386
41.9 -0.00405106
41.91 -0.0043999
41.92 -0.00475345
41.93 -0.00518323
41.94 -0.00562588
41.95 -0.00616601
41.96 -0.00672708
41.97 -0.00738205
41.98 -0.00805714
41.99 -0.00879326
42 -0.00953108
42.01 -0.0102726
42.02 -0.0109744
42.03 -0.011611
42.04 -0.0121444
42.05 -0.0125487
42.06 -0.0127741
42.07 -0.0128277
42.08 -0.0126321
42.09 -0.0122528
42.1 -0.011582
42.11 -0.0107481
42.12 -0.00963027
42.13 -0.00839462
42.14 -0.00694723
42.15 -0.00543741
42.16 -0.00385465
42.17 -0.00225777
42.18 -0.000779128
42.19 0.000686869
42.2 0.00182122
42.21 0.00292741
42.22 0.00354298
42.23 0.00409897
42.24 0.00411892
42.25 0.00404201
42.26 0.00347704
42.27 0.00280256
42.28 0.00176379
42.29 0.00064228
42.3 -0.000675372
42.31 -0.00200495
42.32 -0.00335553
42.33 -0.00461162
42.34 -0.00574132
42.35 -0.00665539
42.36 -0.00734801
42.37 -0.00771846
42.38 -0.00783462
42.39 -0.00756759
42.4 -0.00707009
42.41 -0.00619866
42.42 -0.00515922
42.43 -0.00383688
42.44 -0.002423
42.45 -0.000892908
42.46 0.000662504
42.47 0.00211592
42.48 0.0035563
42.49 0.00466323
42.5 0.00574412
42.51 0.00631039
42.52 0.00682598
42.53 0.00678375
42.54 0.00665322
42.55 0.00601785
42.56 0.00527847
42.57 0.00415801
42.58 0.00295152
42.59 0.00152374
42.6 6.37068e-05
42.61 -0.00145745
42.62 -0.00292946
42.63 -0.00433108
42.64 -0.00559084
42.65 -0.00669481
42.66 -0.00757301
42.67 -0.00826056
42.68 -0.0086661
42.69 -0.0088896
42.7 -0.00881545
42.71 -0.00859685
42.72 -0.00810968
42.73 -0.00752757
42.74 -0.00674567
42.75 -0.00591519
42.76 -0.00498102
42.77 -0.00403136
42.78 -0.00308549
42.79 -0.00214
42.8 -0.00130138
42.81 -0.00047491
42.82 0.000181353
42.83 0.000807304
42.84 0.00123418
42.85 0.00161131
42.86 0.00178657
42.87 0.00189497
42.88 0.00181628
42.89 0.00165867
42.9 0.00133993
42.91 0.000938086
42.92 0.000408597
42.93 -0.000196402
42.94 -0.000890077
42.95 -0.00163488
42.96 -0.00242585
42.97 -0.0032219
42.98 -0.00402148
42.99 -0.0047561
43 -0.00545675
43.01 -0.00600149
43.02 -0.00648623
43.03 -0.00671407
43.04 -0.00687265
43.05 -0.00668261
43.06 -0.00643259
43.07 -0.00577723
43.08 -0.00508603
43.09 -0.00399504
43.1 -0.00288294
43.11 -0.00149007
43.12 -8.39037e-05
43.13 0.0014241
43.14 0.00291155
43.15 0.00430596
43.16 0.00561274
43.17 0.00665168
43.18 0.00751377
43.19 0.007986
43.2 0.00819278
43.21 0.0079621
43.22 0.00740865
43.23 0.00644969
43.24 0.00517319
43.25 0.00359005
43.26 0.00177989
43.27 -0.000198545
43.28 -0.00222257
43.29 -0.00427227
43.3 -0.00611279
43.31 -0.00786596
43.32 -0.00912342
43.33 -0.0102336
43.34 -0.01059
43.35 -0.010799
43.36 -0.0100921
43.37 -0.00928589
43.38 -0.00755781
43.39 -0.00577526
43.4 -0.00330412
43.41 -0.000800749
43.42 0.00199689
43.43 0.00477121
43.44 0.00742691
43.45 0.00994217
43.46 0.0119868
43.47 0.0137377
43.48 0.0147879
43.49 0.015399
43.5 0.0152324
43.51 0.0145411
43.52 0.0131441
43.53 0.0112428
43.54 0.00882078
43.55 0.00604727
43.56 0.00299479
43.57 -0.000128987
43.58 -0.00329589
43.59 -0.00616598
43.6 -0.00890189
43.61 -0.010955
43.62 -0.0127856
43.63 -0.0136169
43.64 -0.0142286
43.65 -0.0136799
43.66 -0.012981
43.67 -0.0111793
43.68 -0.00930757
43.69 -0.00665749
43.7 -0.00398511
43.71 -0.00106303
43.72 0.0018144
43.73 0.00443378
43.74 0.00687724
43.75 0.00867102
43.76 0.0101308
43.77 0.0107257
43.78 0.0108551
43.79 0.0100976
43.8 0.00882448
43.81 0.00680866
43.82 0.00434842
43.83 0.00139757
43.84 -0.0017939
43.85 -0.00518965
43.86 -0.00851345
43.87 -0.0117906
43.88 -0.0146315
43.89 -0.0172594
43.9 -0.0191143
43.91 -0.0206941
43.92 -0.0212751
43.93 -0.0216112
43.94 -0.0209005
43.95 -0.0200315
43.96 -0.0182776
43.97 -0.0164614
43.98 -0.0141179
43.99 -0.0117721
44 -0.00939446
44.01 -0.00707356
44.02 -0.00512934
44.03 -0.00333877
44.04 -0.00217694
44.05 -0.00126328
44.06 -0.00104892
44.07 -0.00113002
44.08 -0.00181787
44.09 -0.00276676
44.1 -0.00411878
44.11 -0.00560394
44.12 -0.00724629
44.13 -0.00881773
44.14 -0.0103248
44.15 -0.0115256
44.16 -0.0125132
44.17 -0.01299
44.18 -0.013198
44.19 -0.0127859
44.2 -0.0121334
44.21 -0.0108941
44.22 -0.00949536
44.23 -0.00770218
44.24 -0.00584044
44.25 -0.00391178
44.26 -0.00197711
44.27 -0.00037525
44.28 0.00118777
44.29 0.00210249
44.3 0.00291683
44.31 0.00295183
44.32 0.00282728
44.33 0.00197409
44.34 0.000948823
44.35 -0.000606123
44.36 -0.00227198
44.37 -0.00418382
44.38 -0.00606719
44.39 -0.00790338
44.4 -0.00951626
44.41 -0.0108471
44.42 -0.0117511
44.43 -0.0122409
44.44 -0.0121525
44.45 -0.0116332
44.46 -0.0104942
44.47 -0.00900451
44.48 -0.00700284
44.49 -0.00478598
44.5 -0.00231931
44.51 0.000222144
44.52 0.00263097
44.53 0.00501363
44.54 0.00683204
44.55 0.00858827
44.56 0.0093945
44.57 0.0101308
44.58 0.00974943
44.59 0.00926073
44.6 0.00777748
44.61 0.00615888
44.62 0.00384496
44.63 0.00144202
44.64 -0.00126153
44.65 -0.00392434
44.66 -0.00648933
44.67 -0.00881934
44.68 -0.0107309
44.69 -0.0121934
44.7 -0.0130487
44.71 -0.0132811
44.72 -0.0128669
44.73 -0.0117566
44.74 -0.0100908
44.75 -0.00779974
44.76 -0.00512836
44.77 -0.00206008
44.78 0.00118873
44.79 0.00447331
44.8 0.00776962
44.81 0.0106685
44.82 0.0134793
44.83 0.0154733
44.84 0.0173601
44.85 0.0181177
44.86 0.0187967
44.87 0.0182569
44.88 0.0176311
44.89 0.0160249
44.9 0.014314
44.91 0.0119919
44.92 0.00961528
44.93 0.0070354
44.94 0.00451574
44.95 0.00215301
44.96 2.32061e-06
44.97 -0.00174199
44.98 -0.00312988
44.99 -0.00400152
45 -0.00442877
45.01 -0.0043628
45.02 -0.00386025
45.03 -0.00298509
45.04 -0.00179455
45.05 -0.000398171
45.06 0.00109037
45.07 0.00262418
45.08 0.00396525
45.09 0.00523724
45.1 0.00603147
45.11 0.00670755
45.12 0.00668998
45.13 0.00656626
45.14 0.0056626
45.15 0.00470279
45.16 0.00304249
45.17 0.00135378
45.18 -0.00073431
45.19 -0.0028312
45.2 -0.00498723
45.21 -0.00708405
45.22 -0.00893655
45.23 -0.0106283
45.24 -0.0118639
45.25 -0.0128337
45.26 -0.0132542
45.27 -0.0133356
45.28 -0.0128903
45.29 -0.0120944
45.3 -0.0108826
45.31 -0.00938688
45.32 -0.00763195
45.33 -0.00573326
45.34 -0.00373399
45.35 -0.00178021
45.36 0.000149488
45.37 0.00183511
45.38 0.00342556
45.39 0.00460962
45.4 0.00568237
45.41 0.00626262
45.42 0.00675633
45.43 0.00677152
45.44 0.0067429
45.45 0.00635089
45.46 0.00594441
45.47 0.00538297
45.48 0.00482739
45.49 0.00431801
45.5 0.00384929
45.51 0.00356799
45.52 0.00336749
45.53 0.0034175
45.54 0.00357449
45.55 0.00397025
45.56 0.0044694
45.57 0.00514089
45.58 0.00587567
45.59 0.00669083
45.6 0.00749794
45.61 0.00829718
45.62 0.00900222
45.63 0.00963667
45.64 0.0100993
45.65 0.0104642
45.66 0.0106117
45.67 0.0106673
45.68 0.0105088
45.69 0.0102857
45.7 0.00990425
45.71 0.00949121
45.72 0.00901695
45.73 0.00853584
45.74 0.00810759
45.75 0.00768575
45.76 0.00740657
45.77 0.00714522
45.78 0.00705169
45.79 0.00698406
45.8 0.00705081
45.81 0.00713498
45.82 0.0072784
45.83 0.00740858
45.84 0.00750677
45.85 0.00754193
45.86 0.00746422
45.87 0.00726662
45.88 0.00690603
45.89 0.00637988
45.9 0.00568096
45.91 0.00480149
45.92 0.00377721
45.93 0.00260268
45.94 0.00133624
45.95 -4.41466e-07
45.96 -0.00136928
45.97 -0.00268756
45.98 -0.00398914
45.99 -0.00510031
46 -0.00616887
46.01 -0.00691864
46.02 -0.00762604
46.03 -0.00793018
46.04 -0.00820662
46.05 -0.00807658
46.06 -0.00792078
46.07 -0.00746611
46.08 -0.0069852
46.09 -0.00634943
46.1 -0.00571119
46.11 -0.00506368
46.12 -0.00445699
46.13 -0.00395735
46.14 -0.00354797
46.15 -0.00331261
46.16 -0.00320478
46.17 -0.00328266
46.18 -0.00349519
46.19 -0.00385794
46.2 -0.00432061
46.21 -0.004869
46.22 -0.00543982
46.23 -0.00602535
46.24 -0.00652476
46.25 -0.00698162
46.26 -0.00723561
46.27 -0.0074164
46.28 -0.00729848
46.29 -0.00710607
46.3 -0.0065684
46.31 -0.00597728
46.32 -0.00506367
46.33 -0.00412634
46.34 -0.0029642
46.35 -0.00179761
46.36 -0.000574432
46.37 0.000633839
46.38 0.00174068
46.39 0.00279525
46.4 0.00363224
46.41 0.00437315
46.42 0.00483952
46.43 0.00517584
46.44 0.00524181
46.45 0.00516886
46.46 0.00487896
46.47 0.00447556
46.48 0.0039367
46.49 0.00334362
46.5 0.00270078
46.51 0.00208596
46.52 0.00149087
46.53 0.00100993
46.54 0.000589763
46.55 0.00035114
46.56 0.000183774
46.57 0.000226761
46.58 0.000327811
46.59 0.000618273
46.6 0.000942361
46.61 0.00138667
46.62 0.00184217
46.63 0.00231542
46.64 0.00278495
46.65 0.00317007
46.66 0.00353707
46.67 0.00375961
46.68 0.00394904
46.69 0.00398447
46.7 0.00398164
46.71 0.00385935
46.72 0.00371135
46.73 0.00350557
46.74 0.00330539
46.75 0.00311457
46.76 0.00297231
46.77 0.00289202
46.78 0.00290061
46.79 0.00299638
46.8 0.00320106
46.81 0.00348778
46.82 0.00386764
46.83 0.00430084
46.84 0.00476793
46.85 0.00524944
46.86 0.00566655
46.87 0.00606408
46.88 0.00627765
46.89 0.0064542
46.9 0.00633463
46.91 0.00618145
46.92 0.00566098
46.93 0.00511622
46.94 0.00422481
46.95 0.00330923
46.96 0.00216279
46.97 0.00100195
46.98 -0.000234286
46.99 -0.00144595
47 -0.0025734
47.01 -0.00361303
47.02 -0.0044391
47.03 -0.00510554
47.04 -0.0054844
47.05 -0.00564667
47.06 -0.00551286
47.07 -0.0051453
47.08 -0.00453253
47.09 -0.00372778
47.1 -0.00276823
47.11 -0.0017237
47.12 -0.000626911
47.13 0.000393459
47.14 0.00137864
47.15 0.00209986
47.16 0.00273321
47.17 0.00293009
47.18 0.0030284
47.19 0.0025782
47.2 0.00205416
47.21 0.000968898
47.22 -0.000153413
47.23 -0.00171784
47.24 -0.00329881
47.25 -0.0050754
47.26 -0.00684194
47.27 -0.00854846
47.28 -0.0101829
47.29 -0.0115449
47.3 -0.0127539
47.31 -0.013559
47.32 -0.0141384
47.33 -0.0142801
47.34 -0.0141619
47.35 -0.0136631
47.36 -0.0129332
47.37 -0.011944
47.38 -0.0108261
47.39 -0.00959712
47.4 -0.00840571
47.41 -0.00723912
47.42 -0.00631073
47.43 -0.00550073
47.44 -0.00511804
47.45 -0.00489058
47.46 -0.00521598
47.47 -0.00568039
47.48 -0.00671361
47.49 -0.00783588
47.5 -0.00940577
47.51 -0.0110092
47.52 -0.0128025
47.53 -0.0145866
47.54 -0.0162182
47.55 -0.017785
47.56 -0.0189045
47.57 -0.0198716
47.58 -0.0201989
47.59 -0.0202819
47.6 -0.0196623
47.61 -0.0187376
47.62 -0.017175
47.63 -0.0153108
47.64 -0.0129729
47.65 -0.0104217
47.66 -0.00761466
47.67 -0.00476875
47.68 -0.00188698
47.69 0.000795253
47.7 0.00333634
47.71 0.00541773
47.72 0.00725296
47.73 0.00840151
47.74 0.00927876
47.75 0.00933132
47.76 0.00915446
47.77 0.0081477
47.78 0.00699208
47.79 0.00515488
47.8 0.0032531
47.81 0.000962091
47.82 -0.00133696
47.83 -0.0036296
47.84 -0.00587839
47.85 -0.00777283
47.86 -0.00954208
47.87 -0.010724
47.88 -0.0116886
47.89 -0.01197
47.9 -0.0119641
47.91 -0.0113094
47.92 -0.0103493
47.93 -0.0088745
47.94 -0.00714623
47.95 -0.0050926
47.96 -0.00290885
47.97 -0.000596747
47.98 0.00166762
47.99 0.00389581
48 0.00587599
48.01 0.00771331
48.02 0.00912042
48.03 0.0103432
48.04 0.0110117
48.05 0.0115105
48.06 0.011419
48.07 0.0112077
48.08 0.0104716
48.09 0.00967518
48.1 0.00851392
48.11 0.00733463
48.12 0.00602528
48.13 0.00472582
48.14 0.00352234
48.15 0.0023665
48.16 0.0014627
48.17 0.000652905
48.18 0.000167858
48.19 -0.000186737
48.2 -0.000222031
48.21 -0.000116554
48.22 0.000244016
48.23 0.000720382
48.24 0.0013559
48.25 0.00204747
48.26 0.00279816
48.27 0.00352084
48.28 0.00422082
48.29 0.00480244
48.3 0.00531084
48.31 0.00562574
48.32 0.00585098
48.33 0.00584263
48.34 0.00575595
48.35 0.00544398
48.36 0.00508068
48.37 0.0045521
48.38 0.004001
48.39 0.0033882
48.4 0.00277259
48.41 0.00222219
48.42 0.00168557
48.43 0.00131495
48.44 0.000980459
48.45 0.000863832
48.46 0.000804049
48.47 0.000960993
48.48 0.00118169
48.49 0.00157189
48.5 0.00200897
48.51 0.00253749
48.52 0.00306753
48.53 0.00359981
48.54 0.00406256
48.55 0.00444689
48.56 0.00467572
48.57 0.00476968
48.58 0.00462493
48.59 0.00432176
48.6 0.00372114
48.61 0.00297178
48.62 0.00191224
48.63 0.000739259
48.64 -0.000694056
48.65 -0.00219337
48.66 -0.00383366
48.67 -0.00549627
48.68 -0.00711716
48.69 -0.00873485
48.7 -0.0100854
48.71 -0.0114062
48.72 -0.0122824
48.73 -0.0130803
48.74 -0.0133332
48.75 -0.0134541
48.76 -0.0130161
48.77 -0.0124091
48.78 -0.0113126
48.79 -0.0100474
48.8 -0.00842724
48.81 -0.00669033
48.82 -0.00476903
48.83 -0.00283794
48.84 -0.000895035
48.85 0.000906595
48.86 0.0025772
48.87 0.00393683
48.88 0.00507527
48.89 0.00575102
48.9 0.00617755
48.91 0.00604887
48.92 0.00569941
48.93 0.00479809
48.94 0.00374205
48.95 0.00225592
48.96 0.000691842
48.97 -0.00106186
48.98 -0.00283383
48.99 -0.0044626
49 -0.0060667
49.01 -0.00719727
49.02 -0.00824357
49.03 -0.00859951
49.04 -0.00879308
49.05 -0.00821776
49.06 -0.00741947
49.07 -0.00591473
49.08 -0.00417776
49.09 -0.00191272
49.1 0.000517395
49.11 0.00322737
49.12 0.00595129
49.13 0.00869323
49.14 0.0112295
49.15 0.0135617
49.16 0.0154385
49.17 0.0169684
49.18 0.0178183
49.19 0.0182744
49.2 0.017913
49.21 0.0171991
49.22 0.0156698
49.23 0.0138889
49.24 0.0114644
49.25 0.00890794
49.26 0.00604553
49.27 0.00314739
49.28 0.000404579
49.29 -0.00231479
49.3 -0.00440533
49.31 -0.00640163
49.32 -0.0074686
49.33 -0.00834268
49.34 -0.00818592
49.35 -0.00776
49.36 -0.00639719
49.37 -0.00475459
49.38 -0.00242276
49.39 0.000104298
49.4 0.0029872
49.41 0.00588043
49.42 0.00878794
49.43 0.0114447
49.44 0.0138355
49.45 0.0156892
49.46 0.0171052
49.47 0.0177411
49.48 0.0178917
49.49 0.017133
49.5 0.0159503
49.51 0.0138978
49.52 0.0115515
49.53 0.00856728
49.54 0.00543646
49.55 0.00207466
49.56 -0.00131903
49.57 -0.00442158
49.58 -0.00749884
49.59 -0.00975781
49.6 -0.0119265
49.61 -0.0129874
49.62 -0.0138571
49.63 -0.0135612
49.64 -0.0130022
49.65 -0.0114318
49.66 -0.00959825
49.67 -0.0070604
49.68 -0.00435642
49.69 -0.00132643
49.7 0.00167748
49.71 0.00464278
49.72 0.00732565
49.73 0.00968834
49.74 0.011503
49.75 0.0128398
49.76 0.0134201
49.77 0.0134956
49.78 0.0127257
49.79 0.0115304
49.8 0.00956153
49.81 0.00730783
49.82 0.00452198
49.83 0.00160011
49.84 -0.00147291
49.85 -0.00457013
49.86 -0.00736295
49.87 -0.010132
49.88 -0.0121548
49.89 -0.0141125
49.9 -0.015109
49.91 -0.0159696
49.92 -0.0158716
49.93 -0.0155902
49.94 -0.0145256
49.95 -0.01329
49.96 -0.0115555
49.97 -0.00973536
49.98 -0.00773396
49.99 -0.00579539
50 -0.00395661
50.01 -0.00236049
50.02 -0.00105863
50.03 -0.00016438
50.04 0.00034982
50.05 0.000355427
50.06 -2.67759e-06
50.07 -0.000867267
50.08 -0.00200626
50.09 -0.00352853
50.1 -0.0052042
50.11 -0.00702832
50.12 -0.00889438
50.13 -0.0105995
50.14 -0.0122753
50.15 -0.0134643
50.16 -0.0146056
50.17 -0.0149851
50.18 -0.015309
50.19 -0.0147827
50.2 -0.0141659
50.21 -0.0127973
50.22 -0.0113145
50.23 -0.00928606
50.24 -0.00716721
50.25 -0.00475981
50.26 -0.00233595
50.27 0.000125559
50.28 0.0024926
50.29 0.00469855
50.3 0.00668802
50.31 0.00839657
50.32 0.00978732
50.33 0.0108613
50.34 0.011566
50.35 0.0119882
50.36 0.0120585
50.37 0.011924
50.38 0.0115268
50.39 0.0110157
50.4 0.0103881
50.41 0.00972434
50.42 0.00911787
50.43 0.00852327
50.44 0.00814955
50.45 0.00780199
50.46 0.00779068
50.47 0.00780272
50.48 0.00817063
50.49 0.00856528
50.5 0.00922794
50.51 0.00991545
50.52 0.0107371
50.53 0.0115562
50.54 0.0123664
50.55 0.0131245
50.56 0.0137535
50.57 0.0142708
50.58 0.0145831
50.59 0.0147309
50.6 0.0146501
50.61 0.0143769
50.62 0.0138985
50.63 0.013238
50.64 0.0124282
50.65 0.0114897
50.66 0.0104707
50.67 0.00941414
50.68 0.00834003
50.69 0.00734143
50.7 0.0063685
50.71 0.00558271
50.72 0.00484031
50.73 0.00436906
50.74 0.0039357
50.75 0.00380642
50.76 0.00369782
50.77 0.00385523
50.78 0.00402419
50.79 0.00433771
50.8 0.00465209
50.81 0.00497176
50.82 0.00525978
50.83 0.00542516
50.84 0.00551064
50.85 0.00538086
50.86 0.0051204
50.87 0.00460195
50.88 0.00391717
50.89 0.00298472
50.9 0.00188356
50.91 0.000590101
50.92 -0.000827266
50.93 -0.00235324
50.94 -0.00390584
50.95 -0.00547629
50.96 -0.00693004
50.97 -0.00832473
50.98 -0.00943255
50.99 -0.010434
51 -0.0109819
51.01 -0.0114128
51.02 -0.0112636
51.03 -0.0110204
51.04 -0.0101474
51.05 -0.00922422
51.06 -0.00772708
51.07 -0.00620349
51.08 -0.00432334
51.09 -0.00243041
51.1 -0.000446247
51.11 0.0014995
51.12 0.0032798
51.13 0.00493408
51.14 0.00621814
51.15 0.00727128
51.16 0.00783261
51.17 0.00807033
51.18 0.00779123
51.19 0.00714174
51.2 0.00604069
51.21 0.00459816
51.22 0.00283554
51.23 0.000853129
51.24 -0.00128733
51.25 -0.0034357
51.26 -0.00558838
51.27 -0.0074725
51.28 -0.00924841
51.29 -0.0104617
51.3 -0.0115149
51.31 -0.0117553
51.32 -0.0118455
51.33 -0.0109808
51.34 -0.0100211
51.35 -0.00812485
51.36 -0.00617614
51.37 -0.00355369
51.38 -0.000897985
51.39 0.00203782
51.4 0.00494913
51.41 0.00774226
51.42 0.0103961
51.43 0.0126019
51.44 0.014523
51.45 0.0157883
51.46 0.0166352
51.47 0.0167646
51.48 0.0164022
51.49 0.0153982
51.5 0.0139312
51.51 0.0120002
51.52 0.00975884
51.53 0.00727862
51.54 0.00475806
51.55 0.00221386
51.56 -2.25619e-05
51.57 -0.00212461
51.58 -0.00355903
51.59 -0.00478452
51.6 -0.00505261
51.61 -0.00512072
51.62 -0.00409138
51.63 -0.00293022
51.64 -0.000739312
51.65 0.00151352
51.66 0.00446675
51.67 0.00743973
51.68 0.0106139
51.69 0.0137376
51.7 0.0165864
51.71 0.0192544
51.72 0.0212832
51.73 0.0229769
51.74 0.0238347
51.75 0.0242314
51.76 0.0237781
51.77 0.0228186
51.78 0.0211522
51.79 0.0190539
51.8 0.0164928
51.81 0.0137041
51.82 0.0107278
51.83 0.00783346
51.84 0.00499061
51.85 0.00258674
51.86 0.000390043
51.87 -0.00104416
51.88 -0.0022173
51.89 -0.0024246
51.9 -0.00240608
51.91 -0.00140952
51.92 -0.000274573
51.93 0.00162385
51.94 0.003572
51.95 0.00585063
51.96 0.00811287
51.97 0.0101661
51.98 0.0121149
51.99 0.013413
52 0.0144762
52.01 0.0146223
52.02 0.0144086
52.03 0.0132188
52.04 0.0116047
52.05 0.00914779
52.06 0.00630874
52.07 0.00289757
52.08 -0.000724401
52.09 -0.00458795
52.1 -0.00837348
52.11 -0.0120903
52.12 -0.0153697
52.13 -0.018354
52.14 -0.0205457
52.15 -0.0223338
52.16 -0.0230646
52.17 -0.0234008
52.18 -0.0225835
52.19 -0.0214665
52.2 -0.0193175
52.21 -0.0169996
52.22 -0.0139942
52.23 -0.0109329
52.24 -0.00770642
52.25 -0.0045019
52.26 -0.00169503
52.27 0.0010009
52.28 0.00289492
52.29 0.00456077
52.3 0.00523517
52.31 0.00558386
52.32 0.00496903
52.33 0.00399957
52.34 0.00227019
52.35 0.000259099
52.36 -0.00220442
52.37 -0.00476857
52.38 -0.00745608
52.39 -0.00998004
52.4 -0.0123499
52.41 -0.0142615
52.42 -0.015842
52.43 -0.0167081
52.44 -0.0171827
52.45 -0.0167945
52.46 -0.0160563
52.47 -0.0144657
52.48 -0.0126304
52.49 -0.0101319
52.5 -0.00750939
52.51 -0.00457214
52.52 -0.00160306
52.53 0.00123008
52.54 0.00403671
52.55 0.00628477
52.56 0.00843841
52.57 0.0097856
52.58 0.0109545
52.59 0.0112553
52.6 0.01132
52.61 0.0106199
52.62 0.00968357
52.63 0.00819998
52.64 0.00655358
52.65 0.00462637
52.66 0.00267732
52.67 0.000699627
52.68 -0.00111791
52.69 -0.00277408
52.7 -0.00408822
52.71 -0.00513759
52.72 -0.00570845
52.73 -0.00599733
52.74 -0.00575448
52.75 -0.00527804
52.76 -0.0043204
52.77 -0.00321106
52.78 -0.00177209
52.79 -0.000263633
52.8 0.00134775
52.81 0.00297168
52.82 0.00444021
52.83 0.00589307
52.84 0.00696918
52.85 0.00799945
52.86 0.00855514
52.87 0.00902566
52.88 0.00902692
52.89 0.00891958
52.9 0.0084254
52.91 0.0078264
52.92 0.00696409
52.93 0.0060293
52.94 0.0049601
52.95 0.00387116
52.96 0.0027545
52.97 0.00167683
52.98 0.000641163
52.99 -0.000306325
53 -0.00118077
53.01 -0.00193868
53.02 -0.00262286
53.03 -0.00318628
53.04 -0.00369235
53.05 -0.00409185
53.06 -0.0044546
53.07 -0.00473063
53.08 -0.0049862
53.09 -0.00516539
53.1 -0.00533364
53.11 -0.00541449
53.12 -0.00548908
53.13 -0.0054419
53.14 -0.005383
53.15 -0.00517171
53.16 -0.00493314
53.17 -0.00452258
53.18 -0.00406994
53.19 -0.00345147
53.2 -0.00278623
53.21 -0.00199326
53.22 -0.0011693
53.23 -0.000283438
53.24 0.000590161
53.25 0.00144529
53.26 0.00221771
53.27 0.00289483
53.28 0.00340148
53.29 0.00375711
53.3 0.00385643
53.31 0.00378186
53.32 0.00339222
53.33 0.00284123
53.34 0.00196873
53.35 0.000975438
53.36 -0.000275115
53.37 -0.00159305
53.38 -0.00302845
53.39 -0.0044833
53.4 -0.00585289
53.41 -0.00721542
53.42 -0.00825752
53.43 -0.0092679
53.44 -0.00979064
53.45 -0.0102376
53.46 -0.0101298
53.47 -0.00990242
53.48 -0.00915119
53.49 -0.0082624
53.5 -0.00696375
53.51 -0.00555237
53.52 -0.00389798
53.53 -0.00220551
53.54 -0.000451563
53.55 0.00122306
53.56 0.00279993
53.57 0.00415839
53.58 0.00530994
53.59 0.00611372
53.6 0.00666469
53.61 0.00678315
53.62 0.00666316
53.63 0.00610038
53.64 0.00535688
53.65 0.00425128
53.66 0.00304099
53.67 0.00163757
53.68 0.00019771
53.69 -0.00120187
53.7 -0.00259731
53.71 -0.00369659
53.72 -0.0047684
53.73 -0.00535643
53.74 -0.00588209
53.75 -0.00586734
53.76 -0.00575344
53.77 -0.00515214
53.78 -0.00444336
53.79 -0.00338392
53.8 -0.00225155
53.81 -0.000949154
53.82 0.000347003
53.83 0.00163233
53.84 0.00280068
53.85 0.00381474
53.86 0.00459539
53.87 0.00513963
53.88 0.00536148
53.89 0.00533241
53.9 0.00495156
53.91 0.00436224
53.92 0.00347362
53.93 0.00245269
53.94 0.00127187
53.95 4.02848e-05
53.96 -0.00114117
53.97 -0.00231196
53.98 -0.00318875
53.99 -0.00402924
54 -0.00434949
54.01 -0.00463163
54.02 -0.00426904
54.03 -0.00385033
54.04 -0.00284096
54.05 -0.00175463
54.06 -0.000239993
54.07 0.00133028
54.08 0.00310027
54.09 0.00485306
54.1 0.00656237
54.11 0.00813672
54.12 0.0094593
54.13 0.0105071
54.14 0.0111667
54.15 0.0114248
54.16 0.0112478
54.17 0.0105948
54.18 0.00954543
54.19 0.0080323
54.2 0.00622413
54.21 0.00406995
54.22 0.00175048
54.23 -0.000695052
54.24 -0.00318435
54.25 -0.00550575
54.26 -0.00778722
54.27 -0.0095828
54.28 -0.0113079
54.29 -0.0122683
54.3 -0.0131748
54.31 -0.0131487
54.32 -0.0130596
54.33 -0.0121324
54.34 -0.0111083
54.35 -0.0094665
54.36 -0.00774197
54.37 -0.00568895
54.38 -0.0036236
54.39 -0.00152432
54.4 0.000470862
54.41 0.00225681
54.42 0.00380329
54.43 0.00498729
54.44 0.00581578
54.45 0.00623254
54.46 0.00623666
54.47 0.00587324
54.48 0.00512892
54.49 0.00412476
54.5 0.00287111
54.51 0.00148896
54.52 7.43917e-05
54.53 -0.00135243
54.54 -0.00254762
54.55 -0.00368165
54.56 -0.0043298
54.57 -0.00489666
54.58 -0.00479625
54.59 -0.00463956
54.6 -0.00376154
54.61 -0.00284337
54.62 -0.00137102
54.63 0.000139059
54.64 0.00192887
54.65 0.00371501
54.66 0.00548496
54.67 0.00716536
54.68 0.0085771
54.69 0.00979069
54.7 0.0105744
54.71 0.0110637
54.72 0.0110747
54.73 0.0107463
54.74 0.00999719
54.75 0.00894594
54.76 0.00760689
54.77 0.00609784
54.78 0.00446453
54.79 0.00287515
54.8 0.00131014
54.81 4.55106e-05
54.82 -0.00109574
54.83 -0.00169685
54.84 -0.0021406
54.85 -0.0018875
54.86 -0.00150161
54.87 -0.000402545
54.88 0.000770948
54.89 0.00250153
54.9 0.00425698
54.91 0.00622988
54.92 0.00818341
54.93 0.00996664
54.94 0.011651
54.95 0.0128448
54.96 0.013831
54.97 0.0141343
54.98 0.0141307
54.99 0.0134072
55 0.0123329
55.01 0.0106465
55.02 0.00865832
55.03 0.0062698
55.04 0.00373869
55.05 0.00106238
55.06 -0.00149895
55.07 -0.00397032
55.08 -0.00601415
55.09 -0.00780316
55.1 -0.00886512
55.11 -0.00960366
55.12 -0.00940768
55.13 -0.0089128
55.14 -0.00743914
55.15 -0.0057553
55.16 -0.00325588
55.17 -0.000654402
55.18 0.00238966
55.19 0.00545307
55.2 0.00842613
55.21 0.0113438
55.22 0.0136687
55.23 0.0158274
55.24 0.017052
55.25 0.0179818
55.26 0.0178447
55.27 0.017318
55.28 0.0157999
55.29 0.0138817
55.3 0.0112128
55.31 0.00825014
55.32 0.00487037
55.33 0.00142357
55.34 -0.00209622
55.35 -0.00536666
55.36 -0.00842836
55.37 -0.0108955
55.38 -0.0129823
55.39 -0.0141796
55.4 -0.0149493
55.41 -0.0146634
55.42 -0.0140085
55.43 -0.0123204
55.44 -0.0103845
55.45 -0.00764937
55.46 -0.00479698
55.47 -0.00156813
55.48 0.00168523
55.49 0.00477169
55.5 0.00781098
55.51 0.0102111
55.52 0.0124684
55.53 0.0138049
55.54 0.0148943
55.55 0.0149938
55.56 0.0147791
55.57 0.0136944
55.58 0.0123031
55.59 0.0102919
55.6 0.00807364
55.61 0.00554034
55.62 0.00298218
55.63 0.000395069
55.64 -0.00198755
55.65 -0.00418705
55.66 -0.00595839
55.67 -0.00743603
55.68 -0.00832471
55.69 -0.00890822
55.7 -0.00885121
55.71 -0.00855031
55.72 -0.00768894
55.73 -0.00667839
55.74 -0.00531006
55.75 -0.00388123
55.76 -0.00238001
55.77 -0.000872575
55.78 0.000401714
55.79 0.00164867
55.8 0.00245572
55.81 0.00319636
55.82 0.00343853
55.83 0.00358382
55.84 0.00329688
55.85 0.00291615
55.86 0.00225202
55.87 0.00153965
55.88 0.000722
55.89 -6.35538e-05
55.9 -0.000796685
55.91 -0.00140517
55.92 -0.00185839
55.93 -0.00211302
55.94 -0.00217751
55.95 -0.00201759
55.96 -0.00169274
55.97 -0.00118401
55.98 -0.000572724
55.99 0.000115633
56 0.000835851
56.01 0.00148073
56.02 0.00210348
56.03 0.00249041
56.04 0.00283195
56.05 0.00281452
56.06 0.00275905
56.07 0.00230007
56.08 0.00181675
56.09 0.00101253
56.1 0.00019171
56.11 -0.000777224
56.12 -0.00173785
56.13 -0.00265682
56.14 -0.00351482
56.15 -0.00417089
56.16 -0.00470025
56.17 -0.00493038
56.18 -0.00497824
56.19 -0.00470629
56.2 -0.00423126
56.21 -0.00348548
56.22 -0.00256826
56.23 -0.00147552
56.24 -0.000299393
56.25 0.000942338
56.26 0.0021359
56.27 0.00330058
56.28 0.00427012
56.29 0.00515231
56.3 0.00571388
56.31 0.00617216
56.32 0.00624191
56.33 0.00622747
56.34 0.00583903
56.35 0.00540315
56.36 0.00469571
56.37 0.00397307
56.38 0.00315524
56.39 0.00234566
56.4 0.00162581
56.41 0.000944119
56.42 0.000479175
56.43 8.70709e-05
56.44 -3.94159e-05
56.45 -7.29275e-05
56.46 0.00013174
56.47 0.000418543
56.48 0.000860385
56.49 0.00133571
56.5 0.00185885
56.51 0.0023357
56.52 0.00276188
56.53 0.00305094
56.54 0.00322457
56.55 0.00318794
56.56 0.00301605
56.57 0.00260789
56.58 0.0020855
56.59 0.00136871
56.6 0.000583479
56.61 -0.000282393
56.62 -0.00116778
56.63 -0.00196506
56.64 -0.00274926
56.65 -0.00325805
56.66 -0.00374731
56.67 -0.00380583
56.68 -0.00383223
56.69 -0.003414
56.7 -0.0029409
56.71 -0.00210996
56.72 -0.00123017
56.73 -0.000153071
56.74 0.000925933
56.75 0.00201026
56.76 0.00301007
56.77 0.00383795
56.78 0.00447241
56.79 0.00481078
56.8 0.00485403
56.81 0.0045518
56.82 0.00389516
56.83 0.00291947
56.84 0.00160349
56.85 5.27964e-05
56.86 -0.0017338
56.87 -0.00364335
56.88 -0.00559844
56.89 -0.00757098
56.9 -0.00934056
56.91 -0.0110557
56.92 -0.0123087
56.93 -0.0134828
56.94 -0.0139832
56.95 -0.0144246
56.96 -0.0140837
56.97 -0.0136949
56.98 -0.0126298
56.99 -0.0115063
57 -0.00993924
57.01 -0.00833552
57.02 -0.00656688
57.03 -0.00483111
57.04 -0.00319538
57.05 -0.00169733
57.06 -0.000501634
57.07 0.000442625
57.08 0.00097389
57.09 0.00116441
57.1 0.000928183
57.11 0.000317932
57.12 -0.000652356
57.13 -0.00195309
57.14 -0.00349799
57.15 -0.00524922
57.16 -0.00711618
57.17 -0.00900053
57.18 -0.0108921
57.19 -0.0125797
57.2 -0.0142068
57.21 -0.0154182
57.22 -0.0165488
57.23 -0.0171038
57.24 -0.0175968
57.25 -0.0174388
57.26 -0.0172391
57.27 -0.0164543
57.28 -0.0156237
57.29 -0.0143787
57.3 -0.0130892
57.31 -0.0115742
57.32 -0.0100427
57.33 -0.00845612
57.34 -0.00689978
57.35 -0.00541534
57.36 -0.00401377
57.37 -0.00275845
57.38 -0.00163135
57.39 -0.000676135
57.4 0.000122039
57.41 0.000758588
57.42 0.00122892
57.43 0.00156779
57.44 0.00174801
57.45 0.00183259
57.46 0.00177623
57.47 0.00165639
57.48 0.00141686
57.49 0.0011385
57.5 0.000762175
57.51 0.000364429
57.52 -0.000106595
57.53 -0.000587038
57.54 -0.0011055
57.55 -0.0016256
57.56 -0.00212878
57.57 -0.00262429
57.58 -0.00303487
57.59 -0.00341844
57.6 -0.00364695
57.61 -0.00381712
57.62 -0.00377287
57.63 -0.00363225
57.64 -0.00324314
57.65 -0.00272435
57.66 -0.00195935
57.67 -0.00105199
57.68 5.9799e-05
57.69 0.00128954
57.7 0.00264907
57.71 0.0040535
57.72 0.0054959
57.73 0.00686043
57.74 0.00817458
57.75 0.00925165
57.76 0.0102134
57.77 0.0107705
57.78 0.0111841
57.79 0.0110561
57.8 0.0107959
57.81 0.00992991
57.82 0.00897292
57.83 0.00745394
57.84 0.00589567
57.85 0.00394476
57.86 0.00198719
57.87 -6.46271e-05
57.88 -0.00208659
57.89 -0.00391153
57.9 -0.00563157
57.91 -0.00692446
57.92 -0.00801858
57.93 -0.0085549
57.94 -0.00881076
57.95 -0.00849271
57.96 -0.00785907
57.97 -0.00673966
57.98 -0.00534398
57.99 -0.00362318
58 -0.0017519
58.01 0.000255573
58.02 0.00221155
58.03 0.00413182
58.04 0.00575588
58.05 0.00722464
58.06 0.00816132
58.07 0.0088927
58.08 0.00892399
58.09 0.00876595
58.1 0.00786014
58.11 0.00682513
58.12 0.00514676
58.13 0.0034111
58.14 0.00128886
58.15 -0.000840343
58.16 -0.00298115
58.17 -0.00507963
58.18 -0.00685202
58.19 -0.00850257
58.2 -0.0095997
58.21 -0.010488
58.22 -0.0107364
58.23 -0.0107182
58.24 -0.010111
58.25 -0.00924175
58.26 -0.00793969
58.27 -0.00646083
58.28 -0.00475937
58.29 -0.00304337
58.3 -0.00131329
58.31 0.000220077
58.32 0.0016073
58.33 0.00258528
58.34 0.00333236
58.35 0.00351338
58.36 0.00345736
58.37 0.00278631
58.38 0.00193197
58.39 0.00055429
58.4 -0.000926078
58.41 -0.00269489
58.42 -0.00449521
58.43 -0.00623826
58.44 -0.00796514
58.45 -0.00927027
58.46 -0.0105032
58.47 -0.0110734
58.48 -0.0114968
58.49 -0.0111706
58.5 -0.0106413
58.51 -0.00942852
58.52 -0.00800734
58.53 -0.00608759
58.54 -0.00402674
58.55 -0.00171545
58.56 0.000596334
58.57 0.00290878
58.58 0.00503024
58.59 0.0069541
58.6 0.00848669
58.61 0.00970813
58.62 0.0103817
58.63 0.010723
58.64 0.0104534
58.65 0.00990687
58.66 0.00881351
58.67 0.00754145
58.68 0.00592103
58.69 0.00422375
58.7 0.002486
58.71 0.000742975
58.72 -0.000677434
58.73 -0.00207055
58.74 -0.00281752
58.75 -0.00349562
58.76 -0.00339706
58.77 -0.00317041
58.78 -0.00220049
58.79 -0.00107532
58.8 0.000625011
58.81 0.00245065
58.82 0.00460157
58.83 0.00678182
58.84 0.0090181
58.85 0.0111329
58.86 0.0130724
58.87 0.0147149
58.88 0.0160288
58.89 0.0168875
58.9 0.0173589
58.91 0.0172788
58.92 0.0168398
58.93 0.0158494
58.94 0.0145891
58.95 0.0128896
58.96 0.0110335
58.97 0.00895381
58.98 0.00681912
58.99 0.00474581
59 0.00268182
59.01 0.000980705
59.02 -0.000694618
59.03 -0.00175001
59.04 -0.0027577
59.05 -0.00308349
59.06 -0.00331787
59.07 -0.00294206
59.08 -0.00245854
59.09 -0.00153272
59.1 -0.000526396
59.11 0.000707416
59.12 0.00194893
59.13 0.0032063
59.14 0.00436539
59.15 0.00537235
59.16 0.00616587
59.17 0.00670683
59.18 0.00693967
59.19 0.00689216
59.2 0.00649017
59.21 0.00584099
59.22 0.0048582
59.23 0.00369947
59.24 0.00230017
59.25 0.000807425
59.26 -0.000771526
59.27 -0.00237398
59.28 -0.00387166
59.29 -0.00535105
59.3 -0.0065317
59.31 -0.00768527
59.32 -0.00837869
59.33 -0.0090383
59.34 -0.00919036
59.35 -0.00928373
59.36 -0.00891897
59.37 -0.00847731
59.38 -0.00768319
59.39 -0.00681796
59.4 -0.0057332
59.41 -0.00460933
59.42 -0.00339852
59.43 -0.00220218
59.44 -0.0010299
59.45 6.25483e-05
59.46 0.00105394
59.47 0.00190072
59.48 0.00260681
59.49 0.00311606
59.5 0.00347827
59.51 0.00361332
59.52 0.00361948
59.53 0.00339553
59.54 0.00307461
59.55 0.00254929
59.56 0.0019626
59.57 0.00122372
59.58 0.000454675
59.59 -0.000392417
59.6 -0.00124816
59.61 -0.00209183
59.62 -0.0029317
59.63 -0.00366699
59.64 -0.00438357
59.65 -0.00492561
59.66 -0.00542506
59.67 -0.00570482
59.68 -0.00591418
59.69 -0.00588506
59.7 -0.00576
59.71 -0.00540395
59.72 -0.00493613
59.73 -0.00426879
59.74 -0.00349146
59.75 -0.0025651
59.76 -0.0015549
59.77 -0.000457482
59.78 0.000669604
59.79 0.00182041
59.8 0.00292007
59.81 0.00398854
59.82 0.00490625
59.83 0.0057552
59.84 0.0063495
59.85 0.00685999
59.86 0.00702754
59.87 0.00711875
59.88 0.00681633
59.89 0.00646199
59.9 0.00572065
59.91 0.00495406
59.92 0.00388573
59.93 0.00280523
59.94 0.00158504
59.95 0.000369799
59.96 -0.000816376
59.97 -0.00195548
59.98 -0.00291883
59.99 -0.00377616
60 -0.00435646
60.01 -0.00477052
60.02 -0.00486519
60.03 -0.00475201
60.04 -0.00433711
60.05 -0.00371095
60.06 -0.00284982
60.07 -0.00182598
60.08 -0.000662988
60.09 0.000558924
60.1 0.00181938
60.11 0.00298995
60.12 0.00411627
60.13 0.00498256
60.14 0.00575541
60.15 0.00611058
60.16 0.00636211
60.17 0.00608852
60.18 0.0057342
60.19 0.00483101
60.2 0.00388796
60.21 0.00247673
60.22 0.0010477
60.23 -0.000629424
60.24 -0.00230776
60.25 -0.00399435
60.26 -0.00563175
60.27 -0.00706542
60.28 -0.00837547
60.29 -0.00933378
60.3 -0.0100913
60.31 -0.0104329
60.32 -0.0105206
60.33 -0.0102129
60.34 -0.00964742
60.35 -0.0087752
60.36 -0.00770692
60.37 -0.0064593
60.38 -0.00514458
60.39 -0.00378281
60.4 -0.00253369
60.41 -0.00134434
60.42 -0.000465241
60.43 0.000292556
60.44 0.00056866
60.45 0.000712426
60.46 0.000275282
60.47 -0.000264353
60.48 -0.00137453
60.49 -0.00253732
60.5 -0.00413212
60.51 -0.00574292
60.52 -0.00751087
60.53 -0.00926137
60.54 -0.0108739
60.55 -0.0124042
60.56 -0.0135537
60.57 -0.0145327
60.58 -0.014981
60.59 -0.0151745
60.6 -0.0147977
60.61 -0.014118
60.62 -0.0129321
60.63 -0.0114589
60.64 -0.00962001
60.65 -0.00758788
60.66 -0.00536677
60.67 -0.00312104
60.68 -0.000856829
60.69 0.00121345
60.7 0.00317305
60.71 0.00471195
60.72 0.00607243
60.73 0.00682814
60.74 0.00740092
60.75 0.00727658
60.76 0.0070128
60.77 0.00608634
60.78 0.00508533
60.79 0.00359423
60.8 0.0020793
60.81 0.000378562
60.82 -0.0013074
60.83 -0.0028535
60.84 -0.00432435
60.85 -0.00540321
60.86 -0.00632578
60.87 -0.00671495
60.88 -0.00687548
60.89 -0.0064821
60.9 -0.00582736
60.91 -0.00470336
60.92 -0.00334844
60.93 -0.00167889
60.94 0.000119453
60.95 0.00205247
60.96 0.00395094
60.97 0.00582164
60.98 0.00746208
60.99 0.00896136
61 0.0100438
61.01 0.010935
61.02 0.011277
61.03 0.0114368
61.04 0.0110063
61.05 0.0104432
61.06 0.00935991
61.07 0.0082071
61.08 0.00671127
61.09 0.00519535
61.1 0.00359381
61.11 0.00200658
61.12 0.000586589
61.13 -0.000776742
61.14 -0.00180424
61.15 -0.00272489
61.16 -0.00324336
61.17 -0.00362009
61.18 -0.00362398
61.19 -0.00348613
61.2 -0.00307436
61.21 -0.00256512
61.22 -0.00191362
61.23 -0.00124852
61.24 -0.000568225
61.25 2.08875e-05
61.26 0.000531586
61.27 0.000853726
61.28 0.00105183
61.29 0.00100197
61.3 0.000829302
61.31 0.000411286
61.32 -9.54974e-05
61.33 -0.000773103
61.34 -0.00149345
61.35 -0.00224698
61.36 -0.00300567
61.37 -0.00362404
61.38 -0.00423201
61.39 -0.00453091
61.4 -0.0048037
61.41 -0.0046983
61.42 -0.00454083
61.43 -0.00402749
61.44 -0.00345205
61.45 -0.00261721
61.46 -0.0017407
61.47 -0.000744836
61.48 0.000237948
61.49 0.00119347
61.5 0.00205524
61.51 0.00277027
61.52 0.00330433
61.53 0.00362197
61.54 0.00369066
61.55 0.00353041
61.56 0.00309751
61.57 0.00247238
61.58 0.00161211
61.59 0.000626359
61.6 -0.000493048
61.61 -0.00166505
61.62 -0.00281918
61.63 -0.00396836
61.64 -0.00492693
61.65 -0.00585153
61.66 -0.00642951
61.67 -0.00697497
61.68 -0.00707252
61.69 -0.00714062
61.7 -0.00678318
61.71 -0.00638682
61.72 -0.00567844
61.73 -0.00493551
61.74 -0.00403131
61.75 -0.00312337
61.76 -0.00220372
61.77 -0.00133058
61.78 -0.000562107
61.79 0.000105851
61.8 0.00060494
61.81 0.000965237
61.82 0.00114793
61.83 0.00118641
61.84 0.0010831
61.85 0.000871764
61.86 0.000578868
61.87 0.000252158
61.88 -9.39629e-05
61.89 -0.000378212
61.9 -0.000636055
61.91 -0.000741085
61.92 -0.000799544
61.93 -0.000648476
61.94 -0.000455093
61.95 -5.43165e-05
61.96 0.000370138
61.97 0.000928981
61.98 0.00149287
61.99 0.00205323
62 0.00259787
62.01 0.00299146
62.02 0.00333515
62.03 0.00341636
62.04 0.00340624
62.05 0.00308205
62.06 0.00263547
62.07 0.00189048
62.08 0.00102102
62.09 -7.31813e-05
62.1 -0.00125144
62.11 -0.00254483
62.12 -0.00383619
62.13 -0.00512541
62.14 -0.00629062
62.15 -0.00735562
62.16 -0.00816089
62.17 -0.00880603
62.18 -0.00907226
62.19 -0.00916355
62.2 -0.00880504
62.21 -0.00829635
62.22 -0.00734071
62.23 -0.00628378
62.24 -0.00486887
62.25 -0.00340552
62.26 -0.0017543
62.27 -9.29177e-05
62.28 0.00152871
62.29 0.00312942
62.3 0.00448098
62.31 0.0057676
62.32 0.0066651
62.33 0.00744483
62.34 0.00777769
62.35 0.00794944
62.36 0.00769455
62.37 0.00726149
62.38 0.00648208
62.39 0.00554474
62.4 0.00437563
62.41 0.00310861
62.42 0.00173154
62.43 0.000349793
62.44 -0.001036
62.45 -0.00231392
62.46 -0.00352049
62.47 -0.00450535
62.48 -0.00537972
62.49 -0.00593558
62.5 -0.00637541
62.51 -0.00643236
62.52 -0.00639272
62.53 -0.00594856
62.54 -0.00544078
62.55 -0.00455407
62.56 -0.00363869
62.57 -0.00241661
62.58 -0.00118204
62.59 0.000222758
62.6 0.00163235
62.61 0.00307505
62.62 0.00449639
62.63 0.00582771
62.64 0.00709309
62.65 0.0081682
62.66 0.00911884
62.67 0.00980854
62.68 0.0103092
62.69 0.0105124
62.7 0.0104676
62.71 0.0101246
62.72 0.00949513
62.73 0.0086008
62.74 0.00741815
62.75 0.00603112
62.76 0.00440531
62.77 0.00265133
62.78 0.000768227
62.79 -0.00116602
62.8 -0.00306103
62.81 -0.00494508
62.82 -0.00657764
62.83 -0.0081649
62.84 -0.00927362
62.85 -0.0103367
62.86 -0.0107202
62.87 -0.0110546
62.88 -0.0106487
62.89 -0.0101615
62.9 -0.00901397
62.91 -0.00776298
62.92 -0.00602455
62.93 -0.00420486
62.94 -0.00212878
62.95 -4.76095e-05
62.96 0.00204509
62.97 0.00401801
62.98 0.00578854
62.99 0.0072872
63 0.00843609
63.01 0.00916866
63.02 0.00948969
63.03 0.00929889
63.04 0.00871951
63.05 0.00761959
63.06 0.00621916
63.07 0.00440017
63.08 0.00240141
63.09 0.000197964
63.1 -0.00206832
63.11 -0.00423912
63.12 -0.00639045
63.13 -0.00811038
63.14 -0.00978034
63.15 -0.0107142
63.16 -0.0115939
63.17 -0.0115842
63.18 -0.0114908
63.19 -0.0105803
63.2 -0.00955477
63.21 -0.00791757
63.22 -0.00618508
63.23 -0.00412241
63.24 -0.00204406
63.25 7.27991e-05
63.26 0.00207735
63.27 0.00387792
63.28 0.00541956
63.29 0.00660457
63.3 0.00740672
63.31 0.00780424
63.32 0.00775964
63.33 0.00735581
63.34 0.00654587
63.35 0.00548411
63.36 0.00415654
63.37 0.0027055
63.38 0.0012155
63.39 -0.000287602
63.4 -0.00155939
63.41 -0.00277831
63.42 -0.00351247
63.43 -0.0041802
63.44 -0.00419017
63.45 -0.00415455
63.46 -0.00343441
63.47 -0.00267291
63.48 -0.00140966
63.49 -0.000106122
63.5 0.00144141
63.51 0.00298319
63.52 0.00450293
63.53 0.00593373
63.54 0.0071274
63.55 0.00813574
63.56 0.00878167
63.57 0.00916612
63.58 0.00916467
63.59 0.00887849
63.6 0.00827052
63.61 0.00742866
63.62 0.00638351
63.63 0.00523091
63.64 0.00400684
63.65 0.00285611
63.66 0.00174214
63.67 0.000895954
63.68 0.000147987
63.69 -0.000174902
63.7 -0.000389663
63.71 -0.00010704
63.72 0.000254699
63.73 0.00107004
63.74 0.00192041
63.75 0.00306061
63.76 0.00420448
63.77 0.0053781
63.78 0.0065228
63.79 0.00746496
63.8 0.00832374
63.81 0.00882826
63.82 0.00919443
63.83 0.00915873
63.84 0.00895697
63.85 0.00840495
63.86 0.00770882
63.87 0.0067846
63.88 0.00579616
63.89 0.0047301
63.9 0.00372655
63.91 0.00278109
63.92 0.0020417
63.93 0.0014492
63.94 0.00118084
63.95 0.0010875
63.96 0.0013675
63.97 0.00179636
63.98 0.00254741
63.99 0.00338907
64 0.00439332
64.01 0.00542716
64.02 0.00637697
64.03 0.00731864
64.04 0.00789237
64.05 0.00843209
64.06 0.00840226
64.07 0.00829731
64.08 0.00757354
64.09 0.0067377
64.1 0.00536914
64.11 0.00389273
64.12 0.00207358
64.13 0.000209731
64.14 -0.00175602
64.15 -0.00364521
64.16 -0.00540428
64.17 -0.00692974
64.18 -0.008153
64.19 -0.00899003
64.2 -0.00944324
64.21 -0.00941075
64.22 -0.00900751
64.23 -0.00811606
64.24 -0.00694114
64.25 -0.0053978
64.26 -0.00369522
64.27 -0.001863
64.28 9.32563e-06
64.29 0.0016892
64.3 0.00332947
64.31 0.00443532
64.32 0.0054784
64.33 0.00570404
64.34 0.00587156
64.35 0.00512293
64.36 0.00429698
64.37 0.00270352
64.38 0.00101898
64.39 -0.00115435
64.4 -0.00337122
64.41 -0.00574008
64.42 -0.00804129
64.43 -0.0101754
64.44 -0.0120873
64.45 -0.013593
64.46 -0.0147167
64.47 -0.0153116
64.48 -0.0154074
64.49 -0.014973
64.5 -0.0140081
64.51 -0.0126099
64.52 -0.0107623
64.53 -0.00863434
64.54 -0.00625128
64.55 -0.00374897
64.56 -0.00127169
64.57 0.00119712
64.58 0.00332629
64.59 0.00537713
64.6 0.00680364
64.61 0.00814353
64.62 0.00866676
64.63 0.00913329
64.64 0.00874469
64.65 0.00830245
64.66 0.00719679
64.67 0.00602565
64.68 0.00445356
64.69 0.00284709
64.7 0.00110799
64.71 -0.000598156
64.72 -0.00221589
64.73 -0.00371658
64.74 -0.00498699
64.75 -0.00606498
64.76 -0.00685742
64.77 -0.00741397
64.78 -0.00770249
64.79 -0.00775679
64.8 -0.0076064
64.81 -0.00726768
64.82 -0.006803
64.83 -0.00622533
64.84 -0.0055907
64.85 -0.00492406
64.86 -0.0042456
64.87 -0.00359667
64.88 -0.00295531
64.89 -0.00236783
64.9 -0.00178902
64.91 -0.00124745
64.92 -0.000708815
64.93 -0.000162205
64.94 0.000387535
64.95 0.000987073
64.96 0.00159487
64.97 0.00226123
64.98 0.0029337
64.99 0.00363237
65 0.00431765
65.01 0.00496372
65.02 0.00555435
65.03 0.00602736
65.04 0.00638446
65.05 0.0065571
65.06 0.00654955
65.07 0.006323
65.08 0.0058707
65.09 0.00520745
65.1 0.00431601
65.11 0.00326101
65.12 0.00203662
65.13 0.000720238
65.14 -0.00064146
65.15 -0.00202134
65.16 -0.00327196
65.17 -0.00448593
65.18 -0.00537912
65.19 -0.00621333
65.2 -0.00656481
65.21 -0.00686871
65.22 -0.00660644
65.23 -0.00630897
65.24 -0.00552088
65.25 -0.00469722
65.26 -0.00357656
65.27 -0.00244298
65.28 -0.00124749
65.29 -0.000101991
65.3 0.000883445
65.31 0.00172859
65.32 0.00225191
65.33 0.00254432
65.34 0.00244209
65.35 0.00205245
65.36 0.00128903
65.37 0.000247613
65.38 -0.00107154
65.39 -0.00257493
65.4 -0.00421971
65.41 -0.00587369
65.42 -0.00753304
65.43 -0.00897281
65.44 -0.0103171
65.45 -0.0112076
65.46 -0.0119567
65.47 -0.0120716
65.48 -0.0120548
65.49 -0.0113321
65.5 -0.0105254
65.51 -0.00908663
65.52 -0.0076111
65.53 -0.0057472
65.54 -0.00387788
65.55 -0.00195391
65.56 -7.44599e-05
65.57 0.00156369
65.58 0.00307623
65.59 0.00414684
65.6 0.00500917
65.61 0.00535369
65.62 0.00544159
65.63 0.00505793
65.64 0.00443452
65.65 0.00347722
65.66 0.00237695
65.67 0.00112395
65.68 -0.000103934
65.69 -0.00131119
65.7 -0.00228682
65.71 -0.00311721
65.72 -0.00352211
65.73 -0.00372695
65.74 -0.00338224
65.75 -0.00285014
65.76 -0.0017621
65.77 -0.000544746
65.78 0.00109314
65.79 0.00279009
65.8 0.00463981
65.81 0.00649728
65.82 0.00815551
65.83 0.00977459
65.84 0.0109001
65.85 0.0119195
65.86 0.0122818
65.87 0.0124715
65.88 0.0119905
65.89 0.0113053
65.9 0.0100685
65.91 0.00865759
65.92 0.00690207
65.93 0.00507345
65.94 0.00313576
65.95 0.00128356
65.96 -0.000470993
65.97 -0.00195909
65.98 -0.00321313
65.99 -0.00404627
66 -0.00459635
66.01 -0.00464748
66.02 -0.0044455
66.03 -0.00377921
66.04 -0.00294031
66.05 -0.00179501
66.06 -0.00057049
66.07 0.000700696
66.08 0.00197947
66.09 0.00299509
66.1 0.00398957
66.11 0.00443282
66.12 0.00483133
66.13 0.00456746
66.14 0.00421903
66.15 0.00326383
66.16 0.00220974
66.17 0.000728162
66.18 -0.000815212
66.19 -0.00254065
66.2 -0.00423607
66.21 -0.0058674
66.22 -0.00733973
66.23 -0.00855758
66.24 -0.00948549
66.25 -0.0100592
66.26 -0.0102536
66.27 -0.0100919
66.28 -0.00954267
66.29 -0.00871427
66.3 -0.0075935
66.31 -0.00631303
66.32 -0.00493456
66.33 -0.0035165
66.34 -0.00226099
66.35 -0.0010519
66.36 -0.000275017
66.37 0.000421615
66.38 0.000476136
66.39 0.000466329
66.4 -0.000271924
66.41 -0.00105426
66.42 -0.00243616
66.43 -0.00385621
66.44 -0.00559943
66.45 -0.00734455
66.46 -0.00909895
66.47 -0.0107696
66.48 -0.0121703
66.49 -0.0133721
66.5 -0.0141148
66.51 -0.0145493
66.52 -0.0144539
66.53 -0.0139871
66.54 -0.0130348
66.55 -0.0117285
66.56 -0.0100668
66.57 -0.00816479
66.58 -0.00607749
66.59 -0.00395109
66.6 -0.00180173
66.61 0.000133289
66.62 0.00197449
66.63 0.00335001
66.64 0.00457936
66.65 0.00515544
66.66 0.00559455
66.67 0.00531031
66.68 0.00493868
66.69 0.0039223
66.7 0.00286796
66.71 0.00141402
66.72 -4.65587e-05
66.73 -0.00157529
66.74 -0.00306369
66.75 -0.0043313
66.76 -0.00548193
66.77 -0.0062178
66.78 -0.0067579
66.79 -0.00680816
66.8 -0.00661378
66.81 -0.00596724
66.82 -0.00508349
66.83 -0.00386762
66.84 -0.00249002
66.85 -0.000938727
66.86 0.000638757
66.87 0.00223787
66.88 0.00369479
66.89 0.00506206
66.9 0.00612649
66.91 0.00704764
66.92 0.0075567
66.93 0.00792425
66.94 0.00785689
66.95 0.00768749
66.96 0.0071629
66.97 0.00658781
66.98 0.00583087
66.99 0.00506287
67 0.00434552
67.01 0.00364782
67.02 0.00320287
67.03 0.00281618
67.04 0.00279431
67.05 0.0028683
67.06 0.003318
67.07 0.00387763
67.08 0.00473626
67.09 0.00567851
67.1 0.00678722
67.11 0.00790784
67.12 0.00904635
67.13 0.0100894
67.14 0.0110229
67.15 0.011741
67.16 0.0122689
67.17 0.0124799
67.18 0.0124765
67.19 0.0121038
67.2 0.0115425
67.21 0.0106305
67.22 0.00958713
67.23 0.00828893
67.24 0.00692429
67.25 0.00546561
67.26 0.00399145
67.27 0.00261918
67.28 0.00125524
67.29 0.000183287
67.3 -0.000862931
67.31 -0.00152142
67.32 -0.00212692
67.33 -0.00234746
67.34 -0.00249768
67.35 -0.00234124
67.36 -0.002123
67.37 -0.00172144
67.38 -0.00129655
67.39 -0.000821562
67.4 -0.000384985
67.41 -1.02389e-05
67.42 0.000257194
67.43 0.000392801
67.44 0.000366455
67.45 0.000187163
67.46 -0.000173561
67.47 -0.000665747
67.48 -0.00130934
67.49 -0.00203613
67.5 -0.00283168
67.51 -0.0036552
67.52 -0.00442244
67.53 -0.00517349
67.54 -0.00572314
67.55 -0.00623501
67.56 -0.00641073
67.57 -0.00655222
67.58 -0.00626528
67.59 -0.00594969
67.6 -0.00521635
67.61 -0.00444619
67.62 -0.00335979
67.63 -0.00223791
67.64 -0.000942588
67.65 0.000358926
67.66 0.00168057
67.67 0.00295283
67.68 0.00411037
67.69 0.00514677
67.7 0.00597376
67.71 0.00660834
67.72 0.00699
67.73 0.00712824
67.74 0.00702071
67.75 0.00665741
67.76 0.00609569
67.77 0.00531713
67.78 0.0044105
67.79 0.0033807
67.8 0.00229665
67.81 0.00123007
67.82 0.000169005
67.83 -0.000705825
67.84 -0.00154124
67.85 -0.00202131
67.86 -0.00245786
67.87 -0.00240222
67.88 -0.002312
67.89 -0.00168137
67.9 -0.00100666
67.91 0.000127416
67.92 0.00131824
67.93 0.002823
67.94 0.00436507
67.95 0.0060405
67.96 0.00769633
67.97 0.00930278
67.98 0.0107998
67.99 0.0120932
68 0.0131694
68.01 0.0139397
68.02 0.0143905
68.03 0.0144965
68.04 0.0142146
68.05 0.0136108
68.06 0.0126112
68.07 0.0113606
68.08 0.00978555
68.09 0.00805603
68.1 0.00615717
68.11 0.00419974
68.12 0.00229874
68.13 0.000411078
68.14 -0.00115562
68.15 -0.00267612
68.16 -0.00361927
68.17 -0.00452134
68.18 -0.00466042
68.19 -0.00474323
68.2 -0.00408796
68.21 -0.00333918
68.22 -0.00199833
68.23 -0.000565968
68.24 0.00122809
68.25 0.00305754
68.26 0.0049839
68.27 0.0068355
68.28 0.00853735
68.29 0.0100178
68.3 0.011164
68.31 0.0119385
68.32 0.0122838
68.33 0.0121452
68.34 0.011577
68.35 0.0104921
68.36 0.00905575
68.37 0.00717828
68.38 0.00507437
68.39 0.00272113
68.4 0.00027396
68.41 -0.00213378
68.42 -0.00453116
68.43 -0.00654961
68.44 -0.00850507
68.45 -0.00975754
68.46 -0.0109514
68.47 -0.0112072
68.48 -0.0113998
68.49 -0.010678
68.5 -0.00985937
68.51 -0.00832828
68.52 -0.00670405
68.53 -0.00467004
68.54 -0.00261027
68.55 -0.000473549
68.56 0.00156259
68.57 0.00338131
68.58 0.00493994
68.59 0.00607755
68.6 0.00680408
68.61 0.00702291
68.62 0.00673571
68.63 0.00596807
68.64 0.00469606
68.65 0.00305661
68.66 0.00103252
68.67 -0.00120412
68.68 -0.00359366
68.69 -0.00604577
68.7 -0.00834269
68.71 -0.0105946
68.72 -0.0123667
68.73 -0.0140478
68.74 -0.0149796
68.75 -0.0158339
68.76 -0.015792
68.77 -0.0156925
68.78 -0.0147813
68.79 -0.0138073
68.8 -0.0122856
68.81 -0.0107174
68.82 -0.00892034
68.83 -0.00714476
68.84 -0.00543959
68.85 -0.00385906
68.86 -0.0025699
68.87 -0.0015116
68.88 -0.000854671
68.89 -0.000499245
68.9 -0.000542335
68.91 -0.000888552
68.92 -0.00154247
68.93 -0.00241535
68.94 -0.003459
68.95 -0.00455893
68.96 -0.00569229
68.97 -0.00667321
68.98 -0.00758658
68.99 -0.00814445
69 -0.00858912
69.01 -0.00853954
69.02 -0.00838441
69.03 -0.00771069
69.04 -0.00697258
69.05 -0.00583233
69.06 -0.0046701
69.07 -0.0033614
69.08 -0.00206741
69.09 -0.00092926
69.1 0.000138165
69.11 0.000810353
69.12 0.00133763
69.13 0.00134304
69.14 0.00114424
69.15 0.000427745
69.16 -0.000501523
69.17 -0.00182867
69.18 -0.00329989
69.19 -0.00497506
69.2 -0.00664189
69.21 -0.00829967
69.22 -0.00973248
69.23 -0.0109775
69.24 -0.0117612
69.25 -0.0122507
69.26 -0.0120837
69.27 -0.0116024
69.28 -0.0103746
69.29 -0.00888683
69.3 -0.00671652
69.31 -0.00438329
69.32 -0.00160537
69.33 0.00123734
69.34 0.00413278
69.35 0.00702999
69.36 0.00949724
69.37 0.0119046
69.38 0.0135097
69.39 0.0149592
69.4 0.0154122
69.41 0.0156158
69.42 0.0148255
69.43 0.0137385
69.44 0.0118335
69.45 0.00966757
69.46 0.00697618
69.47 0.00415931
69.48 0.00115205
69.49 -0.0017571
69.5 -0.00455238
69.51 -0.00697686
69.52 -0.00907036
69.53 -0.0105312
69.54 -0.0115594
69.55 -0.011771
69.56 -0.011561
69.57 -0.0104872
69.58 -0.00908566
69.59 -0.00694333
69.6 -0.00460475
69.61 -0.00181759
69.62 0.00104495
69.63 0.00393435
69.64 0.00682603
69.65 0.00926569
69.66 0.0116546
69.67 0.0132368
69.68 0.0146905
69.69 0.0151864
69.7 0.015475
69.71 0.0148434
69.72 0.0139682
69.73 0.0123598
69.74 0.0105405
69.75 0.00826238
69.76 0.00588206
69.77 0.00333541
69.78 0.000856536
69.79 -0.00153817
69.8 -0.00366798
69.81 -0.00554493
69.82 -0.00697759
69.83 -0.0080848
69.84 -0.00863064
69.85 -0.00886445
69.86 -0.00851505
69.87 -0.00792547
69.88 -0.00683873
69.89 -0.0056067
69.9 -0.0040601
69.91 -0.00245332
69.92 -0.000777747
69.93 0.000905046
69.94 0.00239553
69.95 0.00386565
69.96 0.00494767
69.97 0.00597782
69.98 0.00654941
69.99 0.00703476
70 0.00709042
70.01 0.00704513
70.02 0.00666703
70.03 0.00620142
70.04 0.0055299
70.05 0.00481044
70.06 0.00400716
70.07 0.00321057
70.08 0.00242288
70.09 0.00169537
70.1 0.00102925
70.11 0.000459792
70.12 -3.38691e-05
70.13 -0.000421547
70.14 -0.000745914
70.15 -0.000983163
70.16 -0.00118156
70.17 -0.00133115
70.18 -0.00146509
70.19 -0.00159183
70.2 -0.00171702
70.21 -0.00186124
70.22 -0.00200786
70.23 -0.00216899
70.24 -0.0023303
70.25 -0.00246524
70.26 -0.00259225
70.27 -0.00263367
70.28 -0.0026502
70.29 -0.00252615
70.3 -0.00235447
70.31 -0.00200989
70.32 -0.00159802
70.33 -0.00101445
70.34 -0.000358506
70.35 0.000433594
70.36 0.00127833
70.37 0.00219798
70.38 0.00312049
70.39 0.00404613
70.4 0.00489768
70.41 0.00568706
70.42 0.00631004
70.43 0.00682633
70.44 0.00708787
70.45 0.00722667
70.46 0.00704955
70.47 0.00676166
70.48 0.00614561
70.49 0.00545057
70.5 0.00447903
70.51 0.00346674
70.52 0.00229701
70.53 0.00111675
70.54 -4.50174e-05
70.55 -0.00119226
70.56 -0.00214091
70.57 -0.00303819
70.58 -0.0036026
70.59 -0.00406666
70.6 -0.00412747
70.61 -0.00404235
70.62 -0.00355217
70.63 -0.00289102
70.64 -0.00188333
70.65 -0.000714381
70.66 0.00070058
70.67 0.00222468
70.68 0.00387614
70.69 0.00554386
70.7 0.00722617
70.71 0.00880259
70.72 0.0103062
70.73 0.0115722
70.74 0.0127148
70.75 0.0135029
70.76 0.0141557
70.77 0.0143767
70.78 0.0144825
70.79 0.0141377
70.8 0.0137164
70.81 0.0128945
70.82 0.0120378
70.83 0.0108959
70.84 0.00974405
70.85 0.00848407
70.86 0.00723131
70.87 0.00603299
70.88 0.00487292
70.89 0.00388412
70.9 0.00297149
70.91 0.00228972
70.92 0.0017149
70.93 0.00137406
70.94 0.00115052
70.95 0.00111899
70.96 0.0011861
70.97 0.00137637
70.98 0.00161662
70.99 0.00190482
71 0.00217197
71.01 0.00242362
71.02 0.00257623
71.03 0.00267347
71.04 0.00260676
71.05 0.00247209
71.06 0.00214164
71.07 0.00175355
71.08 0.00118559
71.09 0.000582891
71.1 -0.000131286
71.11 -0.000857352
71.12 -0.00158212
71.13 -0.00230223
71.14 -0.00289394
71.15 -0.00346128
71.16 -0.00381008
71.17 -0.00410818
71.18 -0.00415126
71.19 -0.00412372
71.2 -0.00386159
71.21 -0.0035288
71.22 -0.0030287
71.23 -0.00248693
71.24 -0.00187186
71.25 -0.00127399
71.26 -0.000699079
71.27 -0.000220502
71.28 0.000159244
71.29 0.000362419
71.3 0.000426383
71.31 0.000257421
71.32 -5.14725e-05
71.33 -0.000601303
71.34 -0.00125925
71.35 -0.0021012
71.36 -0.00300259
71.37 -0.00396387
71.38 -0.00493817
71.39 -0.005797
71.4 -0.0066411
71.41 -0.00717677
71.42 -0.00768867
71.43 -0.00774427
71.44 -0.00775664
71.45 -0.00729495
71.46 -0.00676429
71.47 -0.0058401
71.48 -0.00485095
71.49 -0.00362412
71.5 -0.00237966
71.51 -0.0010899
71.52 0.000126473
71.53 0.00120398
71.54 0.00208931
71.55 0.00269959
71.56 0.0030018
71.57 0.00296607
71.58 0.00254845
71.59 0.00180867
71.6 0.000692819
71.61 -0.000665519
71.62 -0.00228985
71.63 -0.00404312
71.64 -0.00584637
71.65 -0.00766726
71.66 -0.00924295
71.67 -0.0107591
71.68 -0.0117097
71.69 -0.0125758
71.7 -0.0126035
71.71 -0.0125723
71.72 -0.0115563
71.73 -0.0104807
71.74 -0.00857357
71.75 -0.00658482
71.76 -0.00406094
71.77 -0.00149632
71.78 0.00123341
71.79 0.00389209
71.8 0.00635222
71.81 0.0085753
71.82 0.010315
71.83 0.0116374
71.84 0.0123195
71.85 0.0124448
71.86 0.0119169
71.87 0.01079
71.88 0.00912257
71.89 0.00695249
71.9 0.00443492
71.91 0.00166183
71.92 -0.00124478
71.93 -0.00403499
71.94 -0.00678046
71.95 -0.00897667
71.96 -0.011025
71.97 -0.0121219
71.98 -0.0130555
71.99 -0.0127667
72 -0.0123703
72.01 -0.0106986
72.02 -0.00895631
72.03 -0.00625383
72.04 -0.00349054
72.05 -0.000262337
72.06 0.00295306
72.07 0.00611057
72.08 0.00910387
72.09 0.011596
72.1 0.0137309
72.11 0.0150796
72.12 0.0158952
72.13 0.0158333
72.14 0.0151453
72.15 0.0136715
72.16 0.0116151
72.17 0.0089969
72.18 0.0060015
72.19 0.00272678
72.2 -0.000574121
72.21 -0.00388975
72.22 -0.00679317
72.23 -0.00952464
72.24 -0.0114096
72.25 -0.0130433
72.26 -0.0135057
72.27 -0.0137395
72.28 -0.0126815
72.29 -0.0114836
72.3 -0.00913693
72.31 -0.00672832
72.32 -0.00363051
72.33 -0.000522562
72.34 0.00267771
72.35 0.00579143
72.36 0.00846561
72.37 0.010898
72.38 0.0125212
72.39 0.0137388
72.4 0.01399
72.41 0.0137252
72.42 0.0125477
72.43 0.0108519
72.44 0.0084599
72.45 0.00568705
72.46 0.00252134
72.47 -0.000753511
72.48 -0.00411489
72.49 -0.00722309
72.5 -0.0101783
72.51 -0.0125026
72.52 -0.0145419
72.53 -0.0156466
72.54 -0.0164472
72.55 -0.0161657
72.56 -0.0156468
72.57 -0.0141079
72.58 -0.0124372
72.59 -0.0100258
72.6 -0.00757148
72.61 -0.00483882
72.62 -0.00212524
72.63 0.000375358
72.64 0.00277786
72.65 0.00461473
72.66 0.00625308
72.67 0.00715949
72.68 0.00779029
72.69 0.00770846
72.7 0.00733789
72.71 0.0064178
72.72 0.00528254
72.73 0.00383766
72.74 0.0023337
72.75 0.000764572
72.76 -0.000657237
72.77 -0.00195411
72.78 -0.00289981
72.79 -0.00361781
72.8 -0.00384285
72.81 -0.00382751
72.82 -0.00328873
72.83 -0.00256389
72.84 -0.00141995
72.85 -0.000173398
72.86 0.00126459
72.87 0.00273146
72.88 0.00408551
72.89 0.00543164
72.9 0.00635664
72.91 0.00724152
72.92 0.00755419
72.93 0.00778132
72.94 0.00744128
72.95 0.00699573
72.96 0.00611909
72.97 0.0051652
72.98 0.00399389
72.99 0.002827
73 0.00166918
73.01 0.000634637
73.02 -0.000209721
73.03 -0.000809434
73.04 -0.0011206
73.05 -0.00110689
73.06 -0.000798506
73.07 -0.000165362
73.08 0.000693524
73.09 0.00177542
73.1 0.00297453
73.11 0.00419955
73.12 0.0054346
73.13 0.00643944
73.14 0.00738182
73.15 0.00783927
73.16 0.00821257
73.17 0.00791835
73.18 0.00756427
73.19 0.00649516
73.2 0.0053864
73.21 0.00374204
73.22 0.00206723
73.23 0.000156643
73.24 -0.00173559
73.25 -0.00354418
73.26 -0.00523907
73.27 -0.00658442
73.28 -0.00769987
73.29 -0.00830601
73.3 -0.00858498
73.31 -0.00832228
73.32 -0.00769628
73.33 -0.00661186
73.34 -0.00522029
73.35 -0.00353084
73.36 -0.00169109
73.37 0.000260566
73.38 0.00212525
73.39 0.00394076
73.4 0.00539893
73.41 0.0067071
73.42 0.00741922
73.43 0.00795318
73.44 0.00775063
73.45 0.00740298
73.46 0.00632725
73.47 0.00517151
73.48 0.00346454
73.49 0.00173145
73.5 -0.000213831
73.51 -0.00214242
73.52 -0.00391668
73.53 -0.00560623
73.54 -0.00686141
73.55 -0.00794416
73.56 -0.00844549
73.57 -0.00870275
73.58 -0.00837471
73.59 -0.00778241
73.6 -0.00671999
73.61 -0.00544748
73.62 -0.00389116
73.63 -0.00225465
73.64 -0.000534982
73.65 0.00108222
73.66 0.00261775
73.67 0.0038585
73.68 0.00492014
73.69 0.00553756
73.7 0.00595316
73.71 0.00586553
73.72 0.00561296
73.73 0.0049167
73.74 0.00412219
73.75 0.00306068
73.76 0.00196423
73.77 0.000860897
73.78 -0.000238616
73.79 -0.00107005
73.8 -0.00186331
73.81 -0.0022229
73.82 -0.00250243
73.83 -0.00231542
73.84 -0.00202637
73.85 -0.00135805
73.86 -0.000608175
73.87 0.000353951
73.88 0.00132654
73.89 0.00231916
73.9 0.00321192
73.91 0.00396019
73.92 0.00448868
73.93 0.00477351
73.94 0.00474956
73.95 0.00446232
73.96 0.00384771
73.97 0.00301965
73.98 0.00194159
73.99 0.000740873
74 -0.000535459
74.01 -0.00183886
74.02 -0.00297434
74.03 -0.00406837
74.04 -0.0047353
74.05 -0.00533701
74.06 -0.0053047
74.07 -0.00522693
74.08 -0.00442628
74.09 -0.00358555
74.1 -0.00217479
74.11 -0.000718098
74.12 0.0010467
74.13 0.00281328
74.14 0.00458718
74.15 0.00626877
74.16 0.00768881
74.17 0.00889447
74.18 0.00965768
74.19 0.0100945
74.2 0.0100251
74.21 0.00957155
74.22 0.00866249
74.23 0.0074023
74.24 0.00582193
74.25 0.0040306
74.26 0.00209184
74.27 0.000177234
74.28 -0.0017246
74.29 -0.00331431
74.3 -0.00478247
74.31 -0.00566268
74.32 -0.00638211
74.33 -0.00632356
74.34 -0.00612859
74.35 -0.00511554
74.36 -0.00402784
74.37 -0.00226861
74.38 -0.000481523
74.39 0.00161659
74.4 0.00370232
74.41 0.0056908
74.42 0.00758325
74.43 0.0090339
74.44 0.0102717
74.45 0.0108505
74.46 0.0111062
74.47 0.0106415
74.48 0.00979543
74.49 0.00831442
74.5 0.00648376
74.51 0.00420952
74.52 0.00172485
74.53 -0.000964999
74.54 -0.00362921
74.55 -0.00627422
74.56 -0.00860021
74.57 -0.0107447
74.58 -0.012281
74.59 -0.0135603
74.6 -0.0140162
74.61 -0.0142241
74.62 -0.0135291
74.63 -0.0126545
74.64 -0.0109702
74.65 -0.00919559
74.66 -0.00687849
74.67 -0.00453767
74.68 -0.0020656
74.69 0.000377712
74.7 0.00255118
74.71 0.00461785
74.72 0.00613142
74.73 0.00744368
74.74 0.00807201
74.75 0.00842504
74.76 0.00811368
74.77 0.00750759
74.78 0.00637414
74.79 0.00500161
74.8 0.00330437
74.81 0.00149892
74.82 -0.000419351
74.83 -0.00226136
74.84 -0.00404226
74.85 -0.00554764
74.86 -0.00688466
74.87 -0.00777874
74.88 -0.00847033
74.89 -0.00862607
74.9 -0.00860492
74.91 -0.00805701
74.92 -0.00739141
74.93 -0.00631478
74.94 -0.00518365
74.95 -0.00384359
74.96 -0.00249272
74.97 -0.00117916
74.98 0.000113883
74.99 0.00116974
75 0.00216746
75.01 0.00282274
75.02 0.00338381
75.03 0.00359199
75.04 0.00368981
75.05 0.00349851
75.06 0.00321177
75.07 0.00274125
75.08 0.00222147
75.09 0.00163004
75.1 0.00105582
75.11 0.000500779
75.12 3.07545e-05
75.13 -0.000366394
75.14 -0.000630387
75.15 -0.000807078
75.16 -0.000838667
75.17 -0.000798642
75.18 -0.00064428
75.19 -0.000448716
75.2 -0.000206063
75.21 4.83125e-05
75.22 0.000264151
75.23 0.000474036
75.24 0.000567005
75.25 0.000651411
75.26 0.000574111
75.27 0.000487308
75.28 0.000265337
75.29 3.36938e-05
75.3 -0.000263596
75.31 -0.000555373
75.32 -0.000824247
75.33 -0.00105624
75.34 -0.001183
75.35 -0.00123239
75.36 -0.00112113
75.37 -0.000895864
75.38 -0.000492766
75.39 4.17012e-05
75.4 0.000732779
75.41 0.00154025
75.42 0.00245442
75.43 0.00343125
75.44 0.0044521
75.45 0.00544629
75.46 0.00642629
75.47 0.00726806
75.48 0.00805564
75.49 0.00859254
75.5 0.00906035
75.51 0.00918925
75.52 0.00925811
75.53 0.00894725
75.54 0.00860112
75.55 0.00789758
75.56 0.00717515
75.57 0.00620841
75.58 0.00522955
75.59 0.0041542
75.6 0.00308821
75.61 0.00206564
75.62 0.00109188
75.63 0.000270337
75.64 -0.000454991
75.65 -0.000964505
75.66 -0.00133619
75.67 -0.0014771
75.68 -0.00145845
75.69 -0.00123627
75.7 -0.000863579
75.71 -0.000343353
75.72 0.000282733
75.73 0.000988496
75.74 0.0017226
75.75 0.00247292
75.76 0.00315156
75.77 0.00379974
75.78 0.00427015
75.79 0.00468662
75.8 0.00483276
75.81 0.00492461
75.82 0.00468646
75.83 0.00441096
75.84 0.00379415
75.85 0.00315609
75.86 0.0022392
75.87 0.00130549
75.88 0.000211555
75.89 -0.000888735
75.9 -0.00202226
75.91 -0.00313205
75.92 -0.00416059
75.93 -0.00512044
75.94 -0.00591344
75.95 -0.00658761
75.96 -0.0070479
75.97 -0.00734679
75.98 -0.00742528
75.99 -0.00732077
76 -0.00702448
76.01 -0.00655547
76.02 -0.00594732
76.03 -0.00521422
76.04 -0.00440435
76.05 -0.00355291
76.06 -0.00268236
76.07 -0.00187899
76.08 -0.00109794
76.09 -0.000500271
76.1 5.60678e-05
76.11 0.000328358
76.12 0.000562501
76.13 0.000451367
76.14 0.000316612
76.15 -0.000156626
76.16 -0.000650117
76.17 -0.00138214
76.18 -0.00213215
76.19 -0.00298921
76.2 -0.00383864
76.21 -0.00465929
76.22 -0.00542565
76.23 -0.00604878
76.24 -0.00655987
76.25 -0.00685391
76.26 -0.00698312
76.27 -0.00687121
76.28 -0.00656508
76.29 -0.00604131
76.3 -0.00533333
76.31 -0.0044666
76.32 -0.0034738
76.33 -0.00239789
76.34 -0.00130001
76.35 -0.000191233
76.36 0.000803949
76.37 0.00175792
76.38 0.00245647
76.39 0.00309091
76.4 0.00335329
76.41 0.00355754
76.42 0.00332917
76.43 0.00306846
76.44 0.0023935
76.45 0.001699
76.46 0.000731733
76.47 -0.000249693
76.48 -0.00132839
76.49 -0.00238994
76.5 -0.00337968
76.51 -0.00429882
76.52 -0.00501516
76.53 -0.00559955
76.54 -0.00590831
76.55 -0.00603539
76.56 -0.00587745
76.57 -0.00551918
76.58 -0.00492081
76.59 -0.0041482
76.6 -0.00321501
76.61 -0.00218155
76.62 -0.00107723
76.63 1.50153e-05
76.64 0.00110081
76.65 0.00204485
76.66 0.00293297
76.67 0.00356057
76.68 0.00411582
76.69 0.00433152
76.7 0.00448644
76.71 0.00428451
76.72 0.00404888
76.73 0.00350983
76.74 0.00295636
76.75 0.00223228
76.76 0.00150525
76.77 0.000754547
76.78 2.38197e-05
76.79 -0.000613318
76.8 -0.00119887
76.81 -0.00162238
76.82 -0.00196747
76.83 -0.0021356
76.84 -0.00221639
76.85 -0.00215013
76.86 -0.0020136
76.87 -0.00178696
76.88 -0.00153286
76.89 -0.00125169
76.9 -0.0010022
76.91 -0.00077669
76.92 -0.000641959
76.93 -0.000559456
76.94 -0.000607815
76.95 -0.000712168
76.96 -0.000952649
76.97 -0.00123474
76.98 -0.00161606
76.99 -0.00201751
77 -0.00244348
77.01 -0.00287228
77.02 -0.00322928
77.03 -0.00357897
77.04 -0.00377247
77.05 -0.00394636
77.06 -0.00393049
77.07 -0.00388143
77.08 -0.00365711
77.09 -0.00339722
77.1 -0.00301467
77.11 -0.00261142
77.12 -0.00215754
77.13 -0.00171444
77.14 -0.00129085
77.15 -0.000918156
77.16 -0.000615353
77.17 -0.000398707
77.18 -0.00027283
77.19 -0.000248526
77.2 -0.000306486
77.21 -0.000450382
77.22 -0.000647382
77.23 -0.000880848
77.24 -0.00113119
77.25 -0.00134294
77.26 -0.00154177
77.27 -0.00162003
77.28 -0.00167087
77.29 -0.00153726
77.3 -0.00137857
77.31 -0.00101432
77.32 -0.000636416
77.33 -9.49017e-05
77.34 0.000451468
77.35 0.0010561
77.36 0.00165116
77.37 0.00218864
77.38 0.00268577
77.39 0.00302928
77.4 0.00329486
77.41 0.00335357
77.42 0.00330588
77.43 0.00305089
77.44 0.00268731
77.45 0.00216398
77.46 0.00156827
77.47 0.000891029
77.48 0.000217475
77.49 -0.00045288
77.5 -0.00101604
77.51 -0.00150814
77.52 -0.00178756
77.53 -0.00196076
77.54 -0.00184711
77.55 -0.00162867
77.56 -0.00111288
77.57 -0.00052183
77.58 0.00029199
77.59 0.00114101
77.6 0.0020516
77.61 0.00296689
77.62 0.00371897
77.63 0.00444715
77.64 0.00481601
77.65 0.00511743
77.66 0.00495015
77.67 0.00467125
77.68 0.00392058
77.69 0.00304082
77.7 0.00178755
77.71 0.000437753
77.72 -0.00111489
77.73 -0.00267028
77.74 -0.00422997
77.75 -0.00564512
77.76 -0.00688612
77.77 -0.00781024
77.78 -0.00844078
77.79 -0.00860182
77.8 -0.00842929
77.81 -0.0077055
77.82 -0.00668511
77.83 -0.0051464
77.84 -0.00340184
77.85 -0.00130928
77.86 0.000880715
77.87 0.00312011
77.88 0.00536845
77.89 0.0072836
77.9 0.00916676
77.91 0.0103245
77.92 0.0114228
77.93 0.0115708
77.94 0.0116029
77.95 0.0106873
77.96 0.00960918
77.97 0.00776258
77.98 0.00576864
77.99 0.00330847
78 0.000796998
78.01 -0.00183099
78.02 -0.00433937
78.03 -0.00664518
78.04 -0.0086187
78.05 -0.0101638
78.06 -0.0111763
78.07 -0.0116613
78.08 -0.0114889
78.09 -0.0108161
78.1 -0.00949058
78.11 -0.00778727
78.12 -0.0055948
78.13 -0.00319172
78.14 -0.000614723
78.15 0.00201583
78.16 0.00440145
78.17 0.00673694
78.18 0.00838684
78.19 0.00995688
78.2 0.0104783
78.21 0.0109251
78.22 0.0101973
78.23 0.00936878
78.24 0.00755058
78.25 0.00561167
78.26 0.00302894
78.27 0.000380478
78.28 -0.00249644
78.29 -0.00530763
78.3 -0.00795711
78.31 -0.0103593
78.32 -0.0123111
78.33 -0.0138322
78.34 -0.0147587
78.35 -0.015127
78.36 -0.0149042
78.37 -0.0141022
78.38 -0.0128287
78.39 -0.0110892
78.4 -0.00906012
78.41 -0.00680574
78.42 -0.00444646
78.43 -0.00218801
78.44 3.64503e-05
78.45 0.00181943
78.46 0.00350113
78.47 0.0044694
78.48 0.00533941
78.49 0.00536756
78.5 0.00533847
78.51 0.00454396
78.52 0.00371228
78.53 0.00242622
78.54 0.00112388
78.55 -0.000277497
78.56 -0.00162356
78.57 -0.00275736
78.58 -0.00373608
78.59 -0.00430026
78.6 -0.00462018
78.61 -0.00446128
78.62 -0.00402211
78.63 -0.00316837
78.64 -0.00208327
78.65 -0.000736117
78.66 0.000700279
78.67 0.00221441
78.68 0.00360399
78.69 0.00491056
78.7 0.0058565
78.71 0.00662123
78.72 0.00683339
78.73 0.00684233
78.74 0.00621716
78.75 0.00543014
78.76 0.00408465
78.77 0.00264992
78.78 0.000900502
78.79 -0.000873412
78.8 -0.0025834
78.81 -0.00426502
78.82 -0.0055002
78.83 -0.00663603
78.84 -0.00707282
78.85 -0.00732717
78.86 -0.00680367
78.87 -0.00604567
78.88 -0.00460451
78.89 -0.00294763
78.9 -0.000834662
78.91 0.00138212
78.92 0.00376359
78.93 0.00604966
78.94 0.00822015
78.95 0.0100455
78.96 0.0115494
78.97 0.0124696
78.98 0.0129728
78.99 0.0127366
79 0.0121003
79.01 0.0107151
79.02 0.00903044
79.03 0.00676758
79.04 0.00434159
79.05 0.00168059
79.06 -0.00102334
79.07 -0.00350134
79.08 -0.00595729
79.09 -0.00770236
79.1 -0.00938567
79.11 -0.0100527
79.12 -0.0105931
79.13 -0.0100842
79.14 -0.00939419
79.15 -0.00783959
79.16 -0.00611904
79.17 -0.00386956
79.18 -0.00156098
79.19 0.00088265
79.2 0.00319564
79.21 0.0052861
79.22 0.00701395
79.23 0.00827173
79.24 0.0089571
79.25 0.00907239
79.26 0.00849939
79.27 0.00739986
79.28 0.00564898
79.29 0.00351906
79.3 0.000954451
79.31 -0.00179852
79.32 -0.00460754
79.33 -0.00743395
79.34 -0.00983998
79.35 -0.0121592
79.36 -0.0135843
79.37 -0.0149038
79.38 -0.0149743
79.39 -0.0149584
79.4 -0.0136303
79.41 -0.0122001
79.42 -0.00975017
79.43 -0.00719567
79.44 -0.00407781
79.45 -0.000943924
79.46 0.00224613
79.47 0.0052784
79.48 0.00791989
79.49 0.0101829
79.5 0.0117527
79.51 0.0127392
79.52 0.0129159
79.53 0.0123913
79.54 0.0111199
79.55 0.00917493
79.56 0.00667862
79.57 0.00371105
79.58 0.000448993
79.59 -0.00292174
79.6 -0.00634339
79.61 -0.00940942
79.62 -0.0123547
79.63 -0.0144718
79.64 -0.0163974
79.65 -0.0171231
79.66 -0.0176815
79.67 -0.0168686
79.68 -0.015962
79.69 -0.0137995
79.7 -0.0115742
79.71 -0.0085656
79.72 -0.00551855
79.73 -0.00223463
79.74 0.000980796
79.75 0.00393124
79.76 0.00664767
79.77 0.00873436
79.78 0.0104117
79.79 0.011282
79.8 0.011618
79.81 0.0111595
79.82 0.0101465
79.83 0.00850216
79.84 0.00641976
79.85 0.00395376
79.86 0.00130111
79.87 -0.00147666
79.88 -0.00409303
79.89 -0.00662782
79.9 -0.0086252
79.91 -0.0104236
79.92 -0.0113649
79.93 -0.0120856
79.94 -0.0117662
79.95 -0.0112788
79.96 -0.00976178
79.97 -0.00816307
79.98 -0.00575692
79.99 -0.0033224
80 -0.000530069
80.01 0.00224928
80.02 0.00493616
80.03 0.00751924
80.04 0.00965598
80.05 0.0115702
80.06 0.0128314
80.07 0.0137635
80.08 0.0139955
80.09 0.0138443
80.1 0.0130818
80.11 0.0119632
80.12 0.0104108
80.13 0.00861859
80.14 0.00660177
80.15 0.00453486
80.16 0.00243199
80.17 0.00050609
80.18 -0.00132347
80.19 -0.00276008
80.2 -0.00403856
80.21 -0.00476774
80.22 -0.00534074
80.23 -0.00530452
80.24 -0.00515586
80.25 -0.00445045
80.26 -0.0036898
80.27 -0.00252826
80.28 -0.00134976
80.29 -1.14905e-05
80.3 0.00131919
80.31 0.00258611
80.32 0.00380826
80.33 0.00481474
80.34 0.00573243
80.35 0.00636503
80.36 0.00687529
80.37 0.00710415
80.38 0.00720024
80.39 0.00706888
80.4 0.00682164
80.41 0.00642335
80.42 0.00594812
80.43 0.00539586
80.44 0.00481529
80.45 0.00421294
80.46 0.00362555
80.47 0.00304692
80.48 0.00250883
80.49 0.00198841
80.5 0.00151115
80.51 0.00104738
80.52 0.000610288
80.53 0.000178759
80.54 -0.000249635
80.55 -0.000677654
80.56 -0.0011168
80.57 -0.00155644
80.58 -0.00199705
80.59 -0.00243424
80.6 -0.00283669
80.61 -0.00322387
80.62 -0.00352792
80.63 -0.00379576
80.64 -0.0039358
80.65 -0.00401429
80.66 -0.00393934
80.67 -0.00378258
80.68 -0.00347512
80.69 -0.00308247
80.7 -0.00257093
80.71 -0.00199789
80.72 -0.00135903
80.73 -0.000713912
80.74 -6.36389e-05
80.75 0.00051043
80.76 0.00103661
80.77 0.00139074
80.78 0.00166378
80.79 0.00167706
80.8 0.00160152
80.81 0.00121136
80.82 0.000747769
80.83 -3.05163e-05
80.84 -0.000853227
80.85 -0.00192297
80.86 -0.0030088
80.87 -0.0042053
80.88 -0.00539683
80.89 -0.00652504
80.9 -0.0076192
80.91 -0.00850158
80.92 -0.00930449
80.93 -0.00979735
80.94 -0.0101625
80.95 -0.0101817
80.96 -0.0100389
80.97 -0.00957472
80.98 -0.00894334
80.99 -0.00806188
81 -0.00704616
81.01 -0.00587676
81.02 -0.00464417
81.03 -0.00335593
81.04 -0.00210353
81.05 -0.000875281
81.06 0.000208559
81.07 0.00121897
81.08 0.00198956
81.09 0.00267076
81.1 0.00305166
81.11 0.00335465
81.12 0.00334723
81.13 0.0032891
81.14 0.0029659
81.15 0.00262125
81.16 0.00210546
81.17 0.00158559
81.18 0.00102419
81.19 0.000471907
81.2 -1.46418e-05
81.21 -0.000470646
81.22 -0.00079414
81.23 -0.00106509
81.24 -0.00118079
81.25 -0.00123087
81.26 -0.00114049
81.27 -0.000986849
81.28 -0.000731742
81.29 -0.000432567
81.3 -7.94304e-05
81.31 0.00028628
81.32 0.000663828
81.33 0.00101937
81.34 0.00135901
81.35 0.00165031
81.36 0.00191514
81.37 0.00212356
81.38 0.00230915
81.39 0.00245395
81.4 0.00258707
81.41 0.00271715
81.42 0.00284667
81.43 0.00302398
81.44 0.0032061
81.45 0.00348469
81.46 0.00377061
81.47 0.00417197
81.48 0.00458443
81.49 0.00509135
81.5 0.00560718
81.51 0.00616633
81.52 0.00671743
81.53 0.0072425
81.54 0.00772542
81.55 0.00811079
81.56 0.008406
81.57 0.00854593
81.58 0.00854307
81.59 0.00835312
81.6 0.00797702
81.61 0.00741353
81.62 0.00664549
81.63 0.00571927
81.64 0.00460886
81.65 0.00339003
81.66 0.00205406
81.67 0.000666688
81.68 -0.000725257
81.69 -0.00211864
81.7 -0.00337039
81.71 -0.00459233
81.72 -0.00551475
81.73 -0.00640079
81.74 -0.00684695
81.75 -0.00726162
81.76 -0.00716873
81.77 -0.00703151
81.78 -0.00643685
81.79 -0.00577986
81.8 -0.0047802
81.81 -0.00372773
81.82 -0.00248748
81.83 -0.0012381
81.84 3.41697e-05
81.85 0.00124039
81.86 0.00232424
81.87 0.00324803
81.88 0.00394721
81.89 0.00439461
81.9 0.00457106
81.91 0.00443194
81.92 0.00403169
81.93 0.00330453
81.94 0.00237077
81.95 0.00116824
81.96 -0.000161744
81.97 -0.00162868
81.98 -0.00314278
81.99 -0.00460062
82 -0.0060452
82.01 -0.00720769
82.02 -0.00832986
82.03 -0.00895329
82.04 -0.00954121
82.05 -0.00947861
82.06 -0.00936808
82.07 -0.00863636
82.08 -0.00782695
82.09 -0.00652886
82.1 -0.005158
82.11 -0.00350103
82.12 -0.001823
82.13 -8.75305e-05
82.14 0.00157168
82.15 0.00307874
82.16 0.0043827
82.17 0.00538122
82.18 0.00604919
82.19 0.00633675
82.2 0.00620179
82.21 0.00569285
82.22 0.00473971
82.23 0.00348552
82.24 0.00186006
82.25 4.47041e-05
82.26 -0.00196858
82.27 -0.00405614
82.28 -0.00608526
82.29 -0.00809909
82.3 -0.00975521
82.31 -0.0113522
82.32 -0.0123065
82.33 -0.0132077
82.34 -0.0132585
82.35 -0.0132521
82.36 -0.0124178
82.37 -0.0114944
82.38 -0.00992046
82.39 -0.00825867
82.4 -0.00621239
82.41 -0.00413575
82.42 -0.00196878
82.43 0.000118083
82.44 0.00203243
82.45 0.0037249
82.46 0.0050594
82.47 0.00603495
82.48 0.00656859
82.49 0.00665297
82.5 0.00631214
82.51 0.00551565
82.52 0.00438828
82.53 0.00290431
82.54 0.00122396
82.55 -0.000610543
82.56 -0.00250788
82.57 -0.00428208
82.58 -0.00602074
82.59 -0.00733567
82.6 -0.0085708
82.61 -0.00912315
82.62 -0.00960556
82.63 -0.00925216
82.64 -0.00884457
82.65 -0.0076642
82.66 -0.006422
82.67 -0.00464562
82.68 -0.0028224
82.69 -0.000769354
82.7 0.00126166
82.71 0.00322088
82.72 0.00504634
82.73 0.00656024
82.74 0.00781362
82.75 0.00861562
82.76 0.00905328
82.77 0.0090109
82.78 0.00856107
82.79 0.00769896
82.8 0.00647387
82.81 0.00496658
82.82 0.00323551
82.83 0.00137197
82.84 -0.000498204
82.85 -0.00237131
82.86 -0.00399492
82.87 -0.0055394
82.88 -0.00659265
82.89 -0.00754156
82.9 -0.00782795
82.91 -0.00803275
82.92 -0.00751932
82.93 -0.0069594
82.94 -0.00579028
82.95 -0.00458732
82.96 -0.0030293
82.97 -0.00145595
82.98 0.000202479
82.99 0.00182058
83 0.00329413
83.01 0.00465053
83.02 0.00571114
83.03 0.00658163
83.04 0.00709783
83.05 0.0073809
83.06 0.00733504
83.07 0.007062
83.08 0.00654318
83.09 0.0058575
83.1 0.005033
83.11 0.00414558
83.12 0.00321819
83.13 0.0023509
83.14 0.00151228
83.15 0.00084385
83.16 0.000234438
83.17 -0.000137785
83.18 -0.000453678
83.19 -0.000527749
83.2 -0.000566844
83.21 -0.000423573
83.22 -0.000268133
83.23 -3.69234e-05
83.24 0.000191496
83.25 0.000383012
83.26 0.000558462
83.27 0.000631708
83.28 0.000677528
83.29 0.000614597
83.3 0.000528262
83.31 0.000377658
83.32 0.000231581
83.33 9.45925e-05
83.34 1.24798e-05
83.35 1.33518e-05
83.36 0.000128446
83.37 0.000375697
83.38 0.00078247
83.39 0.00133119
83.4 0.0020443
83.41 0.00286945
83.42 0.00380247
83.43 0.00479101
83.44 0.00576272
83.45 0.00672807
83.46 0.00749715
83.47 0.00821447
83.48 0.00853583
83.49 0.00879107
83.5 0.0084809
83.51 0.00812321
83.52 0.0071163
83.53 0.00607092
83.54 0.00448523
83.55 0.00285693
83.56 0.000913528
83.57 -0.001039
83.58 -0.0030318
83.59 -0.00494992
83.6 -0.00664428
83.61 -0.00814385
83.62 -0.00922135
83.63 -0.00997939
83.64 -0.0102191
83.65 -0.0100529
83.66 -0.0093843
83.67 -0.00830359
83.68 -0.00683083
83.69 -0.00504885
83.7 -0.0030411
83.71 -0.000939354
83.72 0.00121447
83.73 0.00316258
83.74 0.00502631
83.75 0.0063577
83.76 0.00753424
83.77 0.00790228
83.78 0.00811655
83.79 0.00737689
83.8 0.00653797
83.81 0.00479342
83.82 0.00299947
83.83 0.000613975
83.84 -0.00178726
83.85 -0.00432645
83.86 -0.0068047
83.87 -0.00898111
83.88 -0.0109628
83.89 -0.0123052
83.9 -0.0132997
83.91 -0.0134784
83.92 -0.0131904
83.93 -0.0120888
83.94 -0.0104913
83.95 -0.00823708
83.96 -0.00558803
83.97 -0.00253733
83.98 0.00066703
83.99 0.00399151
84 0.00711621
84.01 0.010122
84.02 0.0125267
84.03 0.0146644
84.04 0.015842
84.05 0.016713
84.06 0.0164023
84.07 0.0158383
84.08 0.0140868
84.09 0.012187
84.1 0.00934743
84.11 0.00645412
84.12 0.00312388
84.13 -0.000191093
84.14 -0.00334318
84.15 -0.00637915
84.16 -0.00876347
84.17 -0.0108857
84.18 -0.0120613
84.19 -0.0128371
84.2 -0.0125972
84.21 -0.0118886
84.22 -0.0103015
84.23 -0.0082936
84.24 -0.00568882
84.25 -0.00284877
84.26 0.00024719
84.27 0.00327309
84.28 0.00624039
84.29 0.00876834
84.3 0.0110155
84.31 0.0124741
84.32 0.0135541
84.33 0.0136096
84.34 0.0133074
84.35 0.0119369
84.36 0.0103106
84.37 0.00780746
84.38 0.00517594
84.39 0.00208512
84.4 -0.00103573
84.41 -0.00403736
84.42 -0.00699056
84.43 -0.00929005
84.44 -0.0114358
84.45 -0.0125921
84.46 -0.0134771
84.47 -0.0132769
84.48 -0.0127309
84.49 -0.0112288
84.5 -0.00939793
84.51 -0.00690325
84.52 -0.00421365
84.53 -0.00122764
84.54 0.00171174
84.55 0.00459688
84.56 0.00713024
84.57 0.00934892
84.58 0.0109183
84.59 0.0120428
84.6 0.0123096
84.61 0.0121326
84.62 0.0110499
84.63 0.00962277
84.64 0.0074424
84.65 0.00506185
84.66 0.00227642
84.67 -0.000577338
84.68 -0.00334484
84.69 -0.00610495
84.7 -0.00823892
84.71 -0.0103099
84.72 -0.0113914
84.73 -0.0123264
84.74 -0.0121638
84.75 -0.0117812
84.76 -0.0104187
84.77 -0.00882605
84.78 -0.00653864
84.79 -0.00410081
84.8 -0.00133506
84.81 0.00141229
84.82 0.0041296
84.83 0.00660182
84.84 0.00876903
84.85 0.0104615
84.86 0.0116999
84.87 0.0122962
84.88 0.0124211
84.89 0.0118569
84.9 0.0109088
84.91 0.0093791
84.92 0.00760918
84.93 0.00551772
84.94 0.00333199
84.95 0.0011966
84.96 -0.000929121
84.97 -0.00259465
84.98 -0.00421155
84.99 -0.00501198
85 -0.00575178
85.01 -0.00553182
85.02 -0.00521658
85.03 -0.00405404
85.04 -0.00277499
85.05 -0.000913268
85.06 0.00102214
85.07 0.0032012
85.08 0.0053432
85.09 0.00739775
85.1 0.00925676
85.11 0.0107731
85.12 0.0119277
85.13 0.0126006
85.14 0.0127874
85.15 0.0124773
85.16 0.0116442
85.17 0.0104003
85.18 0.00871258
85.19 0.00675917
85.2 0.00455895
85.21 0.00224837
85.22 -2.20418e-05
85.23 -0.00227953
85.24 -0.00417308
85.25 -0.0059879
85.26 -0.00714605
85.27 -0.00822112
85.28 -0.00844522
85.29 -0.00861106
85.3 -0.00791439
85.31 -0.00715797
85.32 -0.00575299
85.33 -0.00428526
85.34 -0.00246167
85.35 -0.000623397
85.36 0.00126831
85.37 0.00308213
85.38 0.00469668
85.39 0.00611856
85.4 0.00717717
85.41 0.0079379
85.42 0.00827369
85.43 0.00824856
85.44 0.00782876
85.45 0.00705169
85.46 0.00597422
85.47 0.00461944
85.48 0.00308644
85.49 0.00142396
85.5 -0.000301062
85.51 -0.00196485
85.52 -0.0036071
85.53 -0.0049906
85.54 -0.00631159
85.55 -0.00720861
85.56 -0.00804283
85.57 -0.00835358
85.58 -0.00862774
85.59 -0.00836734
85.6 -0.00807776
85.61 -0.00738583
85.62 -0.00665754
85.63 -0.00569258
85.64 -0.0047092
85.65 -0.00365159
85.66 -0.00261454
85.67 -0.00163475
85.68 -0.000725085
85.69 4.20948e-05
85.7 0.000692401
85.71 0.001164
85.72 0.00148743
85.73 0.00163758
85.74 0.0016325
85.75 0.0014878
85.76 0.00120818
85.77 0.000835602
85.78 0.000373134
85.79 -0.000136133
85.8 -0.000672932
85.81 -0.00122027
85.82 -0.00172567
85.83 -0.00221984
85.84 -0.00260639
85.85 -0.00297457
85.86 -0.00318295
85.87 -0.0033774
85.88 -0.00338077
85.89 -0.00337176
85.9 -0.00318479
85.91 -0.00297943
85.92 -0.00263448
85.93 -0.00226939
85.94 -0.00181375
85.95 -0.00134516
85.96 -0.000837215
85.97 -0.000332284
85.98 0.000166035
85.99 0.000639003
86 0.00107038
86.01 0.00145216
86.02 0.0017719
86.03 0.00202196
86.04 0.00220502
86.05 0.00230896
86.06 0.00235452
86.07 0.00232766
86.08 0.00226023
86.09 0.00214564
86.1 0.00201146
86.11 0.00187186
86.12 0.00173066
86.13 0.00163463
86.14 0.00154737
86.15 0.00155224
86.16 0.001567
86.17 0.00170189
86.18 0.00184447
86.19 0.00209416
86.2 0.0023499
86.21 0.00266025
86.22 0.00296726
86.23 0.00325747
86.24 0.00352083
86.25 0.00369474
86.26 0.00380748
86.27 0.00377501
86.28 0.00364598
86.29 0.00334677
86.3 0.00292925
86.31 0.00235333
86.32 0.00166692
86.33 0.000866912
86.34 5.92081e-06
86.35 -0.000903259
86.36 -0.00177924
86.37 -0.00263524
86.38 -0.00332917
86.39 -0.00395021
86.4 -0.00426969
86.41 -0.00449145
86.42 -0.00429676
86.43 -0.00401115
86.44 -0.00325835
86.45 -0.00244565
86.46 -0.00121347
86.47 4.42703e-05
86.48 0.00154819
86.49 0.00305056
86.5 0.0045359
86.51 0.00597333
86.52 0.00713621
86.53 0.00816971
86.54 0.00872839
86.55 0.00906196
86.56 0.00881574
86.57 0.00826728
86.58 0.00714557
86.59 0.00570019
86.6 0.00379056
86.61 0.00162234
86.62 -0.000830131
86.63 -0.00337582
86.64 -0.00600032
86.65 -0.00846367
86.66 -0.0108229
86.67 -0.0127165
86.68 -0.0143838
86.69 -0.0152928
86.7 -0.0159333
86.71 -0.0156083
86.72 -0.0150482
86.73 -0.01347
86.74 -0.0117394
86.75 -0.00913958
86.76 -0.0064792
86.77 -0.00330925
86.78 -0.000140582
86.79 0.00300999
86.8 0.00608587
86.81 0.00867
86.82 0.0110504
86.83 0.0126028
86.84 0.0138062
86.85 0.0140313
86.86 0.0137986
86.87 0.01263
86.88 0.0109833
86.89 0.00860172
86.9 0.00584661
86.91 0.00265239
86.92 -0.000679131
86.93 -0.0041348
86.94 -0.00738828
86.95 -0.0105017
86.96 -0.0130314
86.97 -0.0152555
86.98 -0.0165553
86.99 -0.0174989
87 -0.0173049
87.01 -0.0168038
87.02 -0.0151479
87.03 -0.013293
87.04 -0.0104949
87.05 -0.00761319
87.06 -0.00421301
87.07 -0.000806993
87.08 0.00254983
87.09 0.00583736
87.1 0.0085925
87.11 0.0111627
87.12 0.0128942
87.13 0.014319
87.14 0.0148051
87.15 0.0149061
87.16 0.0141571
87.17 0.0130284
87.18 0.0112729
87.19 0.00924526
87.2 0.00687517
87.21 0.0044319
87.22 0.0019179
87.23 -0.000417938
87.24 -0.00262156
87.25 -0.00440227
87.26 -0.00594462
87.27 -0.00688922
87.28 -0.00758383
87.29 -0.00762644
87.3 -0.00747503
87.31 -0.0067609
87.32 -0.00593655
87.33 -0.00476919
87.34 -0.00356447
87.35 -0.00231843
87.36 -0.00107956
87.37 -9.26251e-05
87.38 0.00084883
87.39 0.00137365
87.4 0.00181287
87.41 0.00181569
87.42 0.00171869
87.43 0.00128657
87.44 0.00078639
87.45 0.000123586
87.46 -0.000526988
87.47 -0.00115588
87.48 -0.00166163
87.49 -0.00200158
87.5 -0.00211136
87.51 -0.00198323
87.52 -0.00156298
87.53 -0.000910651
87.54 1.60577e-05
87.55 0.00110892
87.56 0.0023632
87.57 0.00369055
87.58 0.00498294
87.59 0.00626391
87.6 0.00726992
87.61 0.00821535
87.62 0.00866241
87.63 0.00904474
87.64 0.00878786
87.65 0.00848753
87.66 0.00756374
87.67 0.00660307
87.68 0.00522784
87.69 0.00382844
87.7 0.00228904
87.71 0.000784529
87.72 -0.000590884
87.73 -0.00183884
87.74 -0.00275638
87.75 -0.00345087
87.76 -0.00371986
87.77 -0.0037065
87.78 -0.00328591
87.79 -0.00259528
87.8 -0.00160619
87.81 -0.000449216
87.82 0.000850454
87.83 0.00213428
87.84 0.00340782
87.85 0.00443727
87.86 0.0053474
87.87 0.0058001
87.88 0.00608976
87.89 0.00579105
87.9 0.0053478
87.91 0.00432443
87.92 0.00321309
87.93 0.00169644
87.94 0.000151092
87.95 -0.00147314
87.96 -0.00307673
87.97 -0.00438269
87.98 -0.00560182
87.99 -0.00624256
88 -0.00671143
88.01 -0.00647567
88.02 -0.00600603
88.03 -0.00487636
88.04 -0.00351736
88.05 -0.00168681
88.06 0.000272615
88.07 0.0024313
88.08 0.00452077
88.09 0.00652845
88.1 0.0082034
88.11 0.00957592
88.12 0.0103494
88.13 0.0107056
88.14 0.0102736
88.15 0.00942624
88.16 0.00775464
88.17 0.00576329
88.18 0.00311469
88.19 0.00028721
88.2 -0.00282334
88.21 -0.00598322
88.22 -0.00889547
88.23 -0.0117853
88.24 -0.0138417
88.25 -0.0158216
88.26 -0.0165837
88.27 -0.0171789
88.28 -0.0164738
88.29 -0.0155243
88.3 -0.0134561
88.31 -0.0111484
88.32 -0.00810204
88.33 -0.00493642
88.34 -0.00150605
88.35 0.00181051
88.36 0.00493821
88.37 0.0076501
88.38 0.00983616
88.39 0.0113127
88.4 0.0120998
88.41 0.0119845
88.42 0.0111961
88.43 0.00949629
88.44 0.0072799
88.45 0.00437373
88.46 0.00117724
88.47 -0.00226444
88.48 -0.00577963
88.49 -0.00894154
88.5 -0.0120336
88.51 -0.0141414
88.52 -0.0161404
88.53 -0.0166413
88.54 -0.0170359
88.55 -0.0157861
88.56 -0.0143907
88.57 -0.0116419
88.58 -0.00873218
88.59 -0.00499404
88.6 -0.00119447
88.61 0.00281293
88.62 0.00666865
88.63 0.0101597
88.64 0.0132167
88.65 0.0154999
88.66 0.0170763
88.67 0.0176958
88.68 0.0174375
88.69 0.0162671
88.7 0.0142295
88.71 0.0114992
88.72 0.00813479
88.73 0.00438419
88.74 0.000440414
88.75 -0.00359135
88.76 -0.0072418
88.77 -0.0107669
88.78 -0.013324
88.79 -0.0156661
88.8 -0.0165835
88.81 -0.0173135
88.82 -0.0164206
88.83 -0.0154193
88.84 -0.012978
88.85 -0.0104622
88.86 -0.00709481
88.87 -0.00369547
88.88 -0.000108848
88.89 0.00337047
88.9 0.00644972
88.91 0.00922389
88.92 0.0112019
88.93 0.0126864
88.94 0.0132241
88.95 0.0131662
88.96 0.0122447
88.97 0.0107729
88.98 0.00868954
88.99 0.00627124
89 0.00356675
89.01 0.000885668
89.02 -0.00178011
89.03 -0.00399748
89.04 -0.00599433
89.05 -0.00716031
89.06 -0.00802811
89.07 -0.00783983
89.08 -0.00738993
89.09 -0.00590429
89.1 -0.00425977
89.11 -0.00187903
89.12 0.000554961
89.13 0.00318381
89.14 0.00578424
89.15 0.00796112
89.16 0.0100082
89.17 0.0111804
89.18 0.012093
89.19 0.011932
89.2 0.0114174
89.21 0.0098981
89.22 0.00803109
89.23 0.00544469
89.24 0.00265575
89.25 -0.000448116
89.26 -0.00347246
89.27 -0.0064023
89.28 -0.0088844
89.29 -0.0109574
89.3 -0.0122194
89.31 -0.0129134
89.32 -0.0125485
89.33 -0.0116225
89.34 -0.00960486
89.35 -0.0071609
89.36 -0.0038666
89.37 -0.00033903
89.38 0.00352814
89.39 0.00745511
89.4 0.0110183
89.41 0.0145482
89.42 0.0169573
89.43 0.0192664
89.44 0.0199757
89.45 0.0204721
89.46 0.0192896
89.47 0.0177987
89.48 0.0148844
89.49 0.0116716
89.5 0.00753193
89.51 0.0032468
89.52 -0.00136347
89.53 -0.00583031
89.54 -0.0100578
89.55 -0.0137725
89.56 -0.0168351
89.57 -0.0190276
89.58 -0.0203698
89.59 -0.020603
89.6 -0.0200042
89.61 -0.0182674
89.62 -0.0158819
89.63 -0.0125874
89.64 -0.0089077
89.65 -0.00479201
89.66 -0.000544595
89.67 0.00350051
89.68 0.00750523
89.69 0.0106344
89.7 0.0136653
89.71 0.0152662
89.72 0.0167641
89.73 0.0166371
89.74 0.0163638
89.75 0.0147094
89.76 0.0128801
89.77 0.0101412
89.78 0.00729969
89.79 0.00410824
89.8 0.000983066
89.81 -0.00198175
89.82 -0.00465762
89.83 -0.00681525
89.84 -0.00847727
89.85 -0.00946471
89.86 -0.00984136
89.87 -0.00957996
89.88 -0.00874098
89.89 -0.00743822
89.9 -0.00575736
89.91 -0.00384494
89.92 -0.00188878
89.93 8.74255e-05
89.94 0.00171521
89.95 0.00322765
89.96 0.00404703
89.97 0.004711
89.98 0.00449098
89.99 0.00415313
90 0.00297064
90.01 0.0017344
90.02 -4.04015e-05
90.03 -0.00181928
90.04 -0.00364575
90.05 -0.00540411
90.06 -0.00675959
90.07 -0.00792732
90.08 -0.00838934
90.09 -0.00854561
90.1 -0.00789862
90.11 -0.00689075
90.12 -0.00518625
90.13 -0.00318079
90.14 -0.000736477
90.15 0.00181113
90.16 0.00447414
90.17 0.00692508
90.18 0.00919385
90.19 0.0108817
90.2 0.0121879
90.21 0.0125873
90.22 0.0125382
90.23 0.0114054
90.24 0.00988091
90.25 0.00733026
90.26 0.00452324
90.27 0.00102102
90.28 -0.00258909
90.29 -0.00631609
90.3 -0.0100517
90.31 -0.0131725
90.32 -0.016212
90.33 -0.0180573
90.34 -0.0196843
90.35 -0.0198218
90.36 -0.019606
90.37 -0.0179169
90.38 -0.0158139
90.39 -0.0125265
90.4 -0.00889446
90.41 -0.00454507
90.42 -7.17781e-05
90.43 0.00459525
90.44 0.00903778
90.45 0.0132121
90.46 0.0167535
90.47 0.0197134
90.48 0.0216692
90.49 0.0229177
90.5 0.0229312
90.51 0.0222865
90.52 0.0203983
90.53 0.0180215
90.54 0.0146515
90.55 0.0110071
90.56 0.00685602
90.57 0.00261485
90.58 -0.00149188
90.59 -0.00558604
90.6 -0.00887525
90.61 -0.0120886
90.62 -0.0140574
90.63 -0.0158577
90.64 -0.01631
90.65 -0.0165082
90.66 -0.0155229
90.67 -0.0142701
90.68 -0.0121802
90.69 -0.00990476
90.7 -0.00721211
90.71 -0.00450276
90.72 -0.00176536
90.73 0.000772615
90.74 0.00305568
90.75 0.00493468
90.76 0.0064168
90.77 0.00736227
90.78 0.00790295
90.79 0.00789035
90.8 0.00756053
90.81 0.00678985
90.82 0.00583124
90.83 0.00465002
90.84 0.00340105
90.85 0.00219881
90.86 0.00100599
90.87 0.000108546
90.88 -0.000755266
90.89 -0.00116483
90.9 -0.0015437
90.91 -0.00147223
90.92 -0.00137011
90.93 -0.000974085
90.94 -0.000561294
90.95 -6.04699e-05
90.96 0.000411675
90.97 0.000785341
90.98 0.00107066
90.99 0.00114084
91 0.0010776
91.01 0.000773672
91.02 0.000335039
91.03 -0.000287945
91.04 -0.000985594
91.05 -0.00176166
91.06 -0.00249424
91.07 -0.00319173
91.08 -0.00369617
91.09 -0.00408172
91.1 -0.00413825
91.11 -0.00404306
91.12 -0.00354775
91.13 -0.00291903
91.14 -0.00192558
91.15 -0.000849621
91.16 0.000432289
91.17 0.001742
91.18 0.00299314
91.19 0.00423645
91.2 0.00511269
91.21 0.00594074
91.22 0.00619682
91.23 0.00634639
91.24 0.00585908
91.25 0.00522476
91.26 0.00403351
91.27 0.00270473
91.28 0.00101226
91.29 -0.000739016
91.3 -0.00260448
91.31 -0.00438389
91.32 -0.00603712
91.33 -0.0074218
91.34 -0.00850491
91.35 -0.00914831
91.36 -0.00941196
91.37 -0.00913319
91.38 -0.008496
91.39 -0.00733065
91.4 -0.00590245
91.41 -0.00410109
91.42 -0.00216397
91.43 -0.000137048
91.44 0.0019125
91.45 0.00369086
91.46 0.00542667
91.47 0.00653326
91.48 0.00759241
91.49 0.00775984
91.5 0.007867
91.51 0.00710903
91.52 0.00625671
91.53 0.00475317
91.54 0.00317175
91.55 0.00126281
91.56 -0.00063951
91.57 -0.00252279
91.58 -0.00425956
91.59 -0.00568956
91.6 -0.00681504
91.61 -0.00746171
91.62 -0.00768004
91.63 -0.00738388
91.64 -0.00662174
91.65 -0.00542921
91.66 -0.00385367
91.67 -0.00200689
91.68 1.59149e-05
91.69 0.0021331
91.7 0.0041288
91.71 0.00607643
91.72 0.00758029
91.73 0.0089605
91.74 0.00963342
91.75 0.0101792
91.76 0.00989266
91.77 0.009527
91.78 0.00839575
91.79 0.00722671
91.8 0.00560124
91.81 0.00396827
91.82 0.00227446
91.83 0.00064209
91.84 -0.000701365
91.85 -0.0018808
91.86 -0.00254349
91.87 -0.00294726
91.88 -0.00276516
91.89 -0.00228465
91.9 -0.00130046
91.91 -7.1283e-05
91.92 0.00147275
91.93 0.00310316
91.94 0.00481886
91.95 0.00637875
91.96 0.00782047
91.97 0.00883508
91.98 0.00960338
91.99 0.00971995
92 0.00955694
92.01 0.00864196
92.02 0.00749642
92.03 0.00567979
92.04 0.00372659
92.05 0.00138032
92.06 -0.00101135
92.07 -0.0033566
92.08 -0.00568494
92.09 -0.00748149
92.1 -0.00918995
92.11 -0.0100405
92.12 -0.0107081
92.13 -0.0104053
92.14 -0.00985214
92.15 -0.00843275
92.16 -0.00677105
92.17 -0.00451542
92.18 -0.00212968
92.19 0.00049214
92.2 0.00303127
92.21 0.00545662
92.22 0.0075258
92.23 0.00921892
92.24 0.0102913
92.25 0.0108598
92.26 0.0106345
92.27 0.00991758
92.28 0.00839801
92.29 0.00650607
92.3 0.00400742
92.31 0.00130506
92.32 -0.00161197
92.33 -0.00457799
92.34 -0.00723293
92.35 -0.00984534
92.36 -0.0115943
92.37 -0.0132793
92.38 -0.01368
92.39 -0.0139716
92.4 -0.0129456
92.41 -0.0117394
92.42 -0.00944378
92.43 -0.00697018
92.44 -0.00381691
92.45 -0.000588926
92.46 0.00283797
92.47 0.00614152
92.48 0.00920413
92.49 0.0118917
92.5 0.0140264
92.51 0.0155478
92.52 0.0163767
92.53 0.016442
92.54 0.0158445
92.55 0.0144826
92.56 0.0126129
92.57 0.0101554
92.58 0.00740373
92.59 0.00440173
92.6 0.00130806
92.61 -0.00159887
92.62 -0.00445837
92.63 -0.00668792
92.64 -0.00881747
92.65 -0.00997125
92.66 -0.01105
92.67 -0.0109918
92.68 -0.0108669
92.69 -0.0097961
92.7 -0.00863951
92.71 -0.0068838
92.72 -0.00507775
92.73 -0.00305817
92.74 -0.00107892
92.75 0.000783317
92.76 0.00248907
92.77 0.00386515
92.78 0.00498631
92.79 0.00570443
92.8 0.00612823
92.81 0.0061966
92.82 0.00601414
92.83 0.00559877
92.84 0.00505493
92.85 0.00441961
92.86 0.00382326
92.87 0.00324793
92.88 0.0028687
92.89 0.00256757
92.9 0.00254859
92.91 0.00260885
92.92 0.00292032
92.93 0.0032774
92.94 0.0037246
92.95 0.00418051
92.96 0.0044651
92.97 0.00472668
92.98 0.00456394
92.99 0.004334
93 0.003552
93.01 0.00265939
93.02 0.00124195
93.03 -0.000286146
93.04 -0.00216542
93.05 -0.00408019
93.06 -0.00607582
93.07 -0.00794689
93.08 -0.00960653
93.09 -0.0109191
93.1 -0.0117831
93.11 -0.0120701
93.12 -0.0117843
93.13 -0.0107611
93.14 -0.00917571
93.15 -0.00684137
93.16 -0.00407267
93.17 -0.000748567
93.18 0.0028153
93.19 0.0065248
93.2 0.0102793
93.21 0.0136011
93.22 0.0168341
93.23 0.0189936
93.24 0.0210273
93.25 0.0214308
93.26 0.0217179
93.27 0.0201588
93.28 0.0184406
93.29 0.0151483
93.3 0.0116645
93.31 0.00715475
93.32 0.00254887
93.33 -0.00239225
93.34 -0.00719451
93.35 -0.0116542
93.36 -0.0156383
93.37 -0.0187543
93.38 -0.0210395
93.39 -0.0221754
93.4 -0.0222184
93.41 -0.0211012
93.42 -0.0188315
93.43 -0.0156212
93.44 -0.0114772
93.45 -0.00675159
93.46 -0.00160344
93.47 0.00374196
93.48 0.00876824
93.49 0.0136866
93.5 0.0174483
93.51 0.0209437
93.52 0.022532
93.53 0.0238564
93.54 0.0228039
93.55 0.0215875
93.56 0.0180063
93.57 0.0142902
93.58 0.0089135
93.59 0.00341737
93.6 -0.00280837
93.61 -0.00897764
93.62 -0.0149295
93.63 -0.0205121
93.64 -0.0251051
93.65 -0.028957
93.66 -0.0313528
93.67 -0.0326899
93.68 -0.0324577
93.69 -0.0310224
93.7 -0.0282214
93.71 -0.0243348
93.72 -0.0195007
93.73 -0.0139908
93.74 -0.00802939
93.75 -0.00204935
93.76 0.0039401
93.77 0.00916155
93.78 0.0140998
93.79 0.0175219
93.8 0.0205558
93.81 0.0215455
93.82 0.022207
93.83 0.0206666
93.84 0.0189534
93.85 0.0153306
93.86 0.0116285
93.87 0.00687172
93.88 0.00209848
93.89 -0.00279095
93.9 -0.00752151
93.91 -0.0115723
93.92 -0.0152146
93.93 -0.0176633
93.94 -0.0194666
93.95 -0.019902
93.96 -0.019564
93.97 -0.0179964
93.98 -0.0157116
93.99 -0.0125561
94 -0.00895173
94.01 -0.00492846
94.02 -0.000905371
94.03 0.0031176
94.04 0.0066006
94.05 0.0097907
94.06 0.0119388
94.07 0.0136692
94.08 0.0140295
94.09 0.0140021
94.1 0.0125587
94.11 0.0108557
94.12 0.00802209
94.13 0.00507743
94.14 0.00159001
94.15 -0.00190109
94.16 -0.00517082
94.17 -0.00833847
94.18 -0.0106557
94.19 -0.012721
94.2 -0.0135793
94.21 -0.0140446
94.22 -0.0132535
94.23 -0.0120096
94.24 -0.00972832
94.25 -0.00706981
94.26 -0.00376733
94.27 -0.000314896
94.28 0.00333236
94.29 0.00678139
94.3 0.0100326
94.31 0.0126902
94.32 0.0148928
94.33 0.0161595
94.34 0.0168803
94.35 0.0164773
94.36 0.0155861
94.37 0.0136121
94.38 0.0113012
94.39 0.00820343
94.4 0.00494248
94.41 0.00141065
94.42 -0.00215337
94.43 -0.0053438
94.44 -0.00849371
94.45 -0.0106774
94.46 -0.0127356
94.47 -0.0135315
94.48 -0.0140915
94.49 -0.0133757
94.5 -0.0123607
94.51 -0.0102947
94.52 -0.00795682
94.53 -0.0049437
94.54 -0.00179261
94.55 0.00161172
94.56 0.00493038
94.57 0.00812986
94.58 0.0109773
94.59 0.0134492
94.6 0.0153245
94.61 0.0167105
94.62 0.0173419
94.63 0.0175009
94.64 0.0168807
94.65 0.0158947
94.66 0.0142541
94.67 0.0123907
94.68 0.0101261
94.69 0.00776833
94.7 0.00533923
94.71 0.00290013
94.72 0.000725427
94.73 -0.00142885
94.74 -0.00305718
94.75 -0.00463841
94.76 -0.00562806
94.77 -0.00653266
94.78 -0.00691181
94.79 -0.00719272
94.8 -0.00709224
94.81 -0.00691122
94.82 -0.00651287
94.83 -0.00607405
94.84 -0.00555523
94.85 -0.00503958
94.86 -0.00452867
94.87 -0.00404735
94.88 -0.00359982
94.89 -0.00317738
94.9 -0.00277696
94.91 -0.00236634
94.92 -0.00194885
94.93 -0.00147087
94.94 -0.00096224
94.95 -0.000355574
94.96 0.000287488
94.97 0.00102278
94.98 0.00178188
94.99 0.00256178
95 0.00334506
95.01 0.00400858
95.02 0.00466252
95.03 0.00500805
95.04 0.00532392
95.05 0.00519315
95.06 0.00499279
95.07 0.00429433
95.08 0.00349154
95.09 0.00223848
95.1 0.00087944
95.11 -0.000791389
95.12 -0.00251606
95.13 -0.00435557
95.14 -0.00613611
95.15 -0.00782237
95.16 -0.00928912
95.17 -0.0104879
95.18 -0.0112923
95.19 -0.0117266
95.2 -0.0116254
95.21 -0.0111386
95.22 -0.0100604
95.23 -0.00865952
95.24 -0.00673732
95.25 -0.00460478
95.26 -0.00216322
95.27 0.000366486
95.28 0.00286775
95.29 0.00536375
95.3 0.00742051
95.31 0.00943341
95.32 0.0106022
95.33 0.0117044
95.34 0.0117441
95.35 0.0116613
95.36 0.0105441
95.37 0.00925544
95.38 0.0071377
95.39 0.0048628
95.4 0.00208181
95.41 -0.000761051
95.42 -0.00374658
95.43 -0.00662439
95.44 -0.00931726
95.45 -0.0116901
95.46 -0.0136448
95.47 -0.0150744
95.48 -0.0159772
95.49 -0.0162139
95.5 -0.0159372
95.51 -0.0149661
95.52 -0.0135876
95.53 -0.0116258
95.54 -0.00940886
95.55 -0.00685477
95.56 -0.00419501
95.57 -0.00154261
95.58 0.00110825
95.59 0.00337231
95.6 0.00558978
95.61 0.00708294
95.62 0.00852256
95.63 0.00905898
95.64 0.00951338
95.65 0.00912971
95.66 0.00862927
95.67 0.00749073
95.68 0.00624818
95.69 0.0046374
95.7 0.00298827
95.71 0.00124329
95.72 -0.000434448
95.73 -0.00198803
95.74 -0.00335622
95.75 -0.00446508
95.76 -0.00529168
95.77 -0.00581545
95.78 -0.00601164
95.79 -0.00593764
95.8 -0.00556006
95.81 -0.00499127
95.82 -0.0042118
95.83 -0.00333277
95.84 -0.00238563
95.85 -0.00141514
95.86 -0.000535468
95.87 0.000322932
95.88 0.000954046
95.89 0.00155291
95.9 0.00184442
95.91 0.00211465
95.92 0.00207781
95.93 0.00202483
95.94 0.00176493
95.95 0.00149151
95.96 0.00113359
95.97 0.000781758
95.98 0.000453738
95.99 0.000160004
96 -4.05912e-05
96.01 -0.000183716
96.02 -0.000212563
96.03 -0.000179222
96.04 -5.26664e-05
96.05 0.000114504
96.06 0.000328266
96.07 0.000536343
96.08 0.000739405
96.09 0.000877472
96.1 0.000971633
96.11 0.000947686
96.12 0.000863537
96.13 0.000635616
96.14 0.000353959
96.15 -5.31465e-05
96.16 -0.000492902
96.17 -0.000990076
96.18 -0.00149667
96.19 -0.00195165
96.2 -0.00240241
96.21 -0.00267433
96.22 -0.0029291
96.23 -0.00292304
96.24 -0.00287857
96.25 -0.00255575
96.26 -0.00217911
96.27 -0.00156814
96.28 -0.000908804
96.29 -0.000106182
96.3 0.000710468
96.31 0.00155722
96.32 0.00235595
96.33 0.00307748
96.34 0.00367289
96.35 0.00411351
96.36 0.00435408
96.37 0.00440591
96.38 0.00421209
96.39 0.00384046
96.4 0.00322744
96.41 0.00248196
96.42 0.00156148
96.43 0.000569953
96.44 -0.000470012
96.45 -0.0015239
96.46 -0.00245743
96.47 -0.00336843
96.48 -0.00397979
96.49 -0.00456075
96.5 -0.0046919
96.51 -0.00479082
96.52 -0.00439768
96.53 -0.0039556
96.54 -0.00309424
96.55 -0.00217556
96.56 -0.000977181
96.57 0.00025453
96.58 0.00159437
96.59 0.00290922
96.6 0.00416608
96.61 0.00531471
96.62 0.00627645
96.63 0.00704112
96.64 0.00754698
96.65 0.00778621
96.66 0.00775648
96.67 0.00743411
96.68 0.00688493
96.69 0.00607767
96.7 0.00511815
